desc: I1 cache:         32768 B, 64 B, 8-way associative
desc: D1 cache:         32768 B, 64 B, 8-way associative
desc: LL cache:         6291456 B, 64 B, 12-way associative
cmd: /home/khalidd/Desktop/Github/Journey_ECS/main-release.bin
events: Ir I1mr ILmr Dr D1mr DLmr Dw D1mw DLmw Bc Bcm Bi Bim
fl=/usr/lib/gcc/x86_64-pc-linux-gnu/16.1.1/include/emmintrin.h
fn=strcspn
707 1 0 0 0 0 0 0 0 0 0 0 0 0
1342 2 0 0 1 0 0 0 0 0 0 0 0 0
1462 1 0 0 0 0 0 0 0 0 0 0 0 0
fl=/usr/lib/gcc/x86_64-pc-linux-gnu/16.1.1/include/smmintrin.h
fn=strcspn
634 5 0 0 3 1 1 0 0 0 0 0 0 0
687 8 0 0 0 0 0 0 0 0 0 0 0 0
711 8 0 0 0 0 0 0 0 0 0 0 0 0
fl=/usr/lib/gcc/x86_64-pc-linux-gnu/16.1.1/include/tmmintrin.h
fn=strcspn
138 3 0 0 3 1 1 0 0 0 0 0 0 0
fl=/usr/src/debug/glibc/glibc/csu/../csu/libc-start.c
fn=__libc_start_main@@GLIBC_2.34
128 2 1 1 2 0 0 0 0 0 0 0 0 0
134 3 0 0 1 1 0 0 0 0 1 0 0 0
135 6 0 0 2 1 0 1 0 0 0 0 1 1
138 1 0 0 1 0 0 0 0 0 0 0 0 0
139 2 0 0 0 0 0 0 0 0 1 0 0 0
142 3 1 1 2 1 0 0 0 0 0 0 0 0
143 7 0 0 2 0 0 1 0 0 0 0 0 0
144 6 1 1 1 0 0 0 0 0 2 0 0 0
145 4 0 0 1 1 0 1 0 0 0 0 1 1
242 12 1 1 0 0 0 7 0 0 0 0 0 0
311 2 0 0 0 0 0 0 0 0 1 0 0 0
312 4 0 0 0 0 0 1 0 0 0 0 0 0
337 6 1 1 2 0 0 1 0 0 1 0 0 0
340 2 0 0 0 0 0 0 0 0 1 0 0 0
343 2 0 0 2 0 0 0 0 0 0 0 0 0
350 2 0 0 2 0 0 1 0 0 0 0 1 1
352 2 0 0 0 0 0 0 0 0 1 0 0 0
360 4 0 0 1 0 0 1 0 0 0 0 0 0
fl=/usr/src/debug/glibc/glibc/csu/../sysdeps/nptl/libc_start_call_main.h
fn=(below main)
30 6 1 1 1 0 0 4 0 0 0 0 0 0
45 5 1 1 1 0 0 2 0 0 0 0 0 0
47 2 0 0 0 0 0 0 0 0 1 0 0 0
52 2 0 0 1 1 0 1 0 0 0 0 0 0
53 2 0 0 1 1 0 1 0 0 0 0 0 0
56 2 0 0 0 0 0 1 0 0 0 0 0 0
59 5 1 1 5 0 0 1 0 0 0 0 1 1
83 2 0 0 0 0 0 1 0 0 0 0 0 0
fl=/usr/src/debug/glibc/glibc/csu/init-first.c
fn=_init_first
46 3 1 1 0 0 0 0 0 0 0 0 0 0
51 2 0 0 1 0 0 0 0 0 1 0 0 0
55 5 0 0 4 2 1 0 0 0 1 1 0 0
61 1 0 0 0 0 0 1 1 0 0 0 0 0
62 1 0 0 0 0 0 1 0 0 0 0 0 0
63 2 1 1 1 1 0 1 1 1 0 0 0 0
71 2 0 0 0 0 0 0 0 0 0 0 0 0
72 1 0 0 0 0 0 0 0 0 0 0 0 0
fl=/usr/src/debug/glibc/glibc/ctype/ctype-info.c
fn=__ctype_init
37 1 1 1 0 0 0 0 0 0 0 0 0 0
39 7 0 0 5 4 0 1 0 0 0 0 0 0
41 4 0 0 2 2 0 1 0 0 0 0 0 0
42 2 0 0 1 0 0 1 0 0 0 0 0 0
43 2 1 1 1 0 0 0 0 0 0 0 0 0
44 1 0 0 1 0 0 0 0 0 0 0 0 0
fl=/usr/src/debug/glibc/glibc/debug/../sysdeps/x86_64/multiarch/ifunc-memmove.h
fn=__memcpy_chk
56 2 0 0 2 0 0 0 0 0 0 0 0 0
57 3 1 1 0 0 0 0 0 0 1 1 0 0
60 3 0 0 1 0 0 0 0 0 0 0 0 0
61 2 0 0 0 0 0 0 0 0 1 1 0 0
77 2 1 1 0 0 0 0 0 0 1 0 0 0
85 2 0 0 0 0 0 0 0 0 1 1 0 0
96 4 0 0 0 0 0 0 0 0 0 0 0 0
fn=__memmove_chk
56 2 0 0 2 0 0 0 0 0 0 0 0 0
57 3 1 1 0 0 0 0 0 0 1 1 0 0
60 3 0 0 1 0 0 0 0 0 0 0 0 0
61 2 0 0 0 0 0 0 0 0 1 1 0 0
77 2 1 1 0 0 0 0 0 0 1 0 0 0
85 2 0 0 0 0 0 0 0 0 1 1 0 0
96 4 1 1 0 0 0 0 0 0 0 0 0 0
fn=__mempcpy_chk
56 2 0 0 2 0 0 0 0 0 0 0 0 0
57 3 1 1 0 0 0 0 0 0 1 1 0 0
60 3 0 0 1 0 0 0 0 0 0 0 0 0
61 2 0 0 0 0 0 0 0 0 1 1 0 0
77 2 1 1 0 0 0 0 0 0 1 0 0 0
85 2 0 0 0 0 0 0 0 0 1 1 0 0
96 4 0 0 0 0 0 0 0 0 0 0 0 0
fl=/usr/src/debug/glibc/glibc/debug/../sysdeps/x86_64/multiarch/ifunc-memset.h
fn=__memset_chk
52 1 0 0 0 0 0 0 0 0 0 0 0 0
53 2 0 0 0 0 0 0 0 0 1 1 0 0
61 5 1 1 2 0 0 0 0 0 1 0 0 0
64 3 0 0 1 0 0 0 0 0 0 0 0 0
65 2 1 1 0 0 0 0 0 0 1 1 0 0
67 2 0 0 0 0 0 0 0 0 0 0 0 0
84 2 0 0 0 0 0 0 0 0 1 0 0 0
92 2 0 0 0 0 0 0 0 0 1 1 0 0
fl=/usr/src/debug/glibc/glibc/debug/../sysdeps/x86_64/multiarch/memcpy_chk.c
fn=__memcpy_chk
29 2 1 1 1 0 0 0 0 0 0 0 0 0
fl=/usr/src/debug/glibc/glibc/debug/../sysdeps/x86_64/multiarch/memmove_chk.c
fn=__memmove_chk
29 2 1 1 1 0 0 0 0 0 0 0 0 0
fl=/usr/src/debug/glibc/glibc/debug/../sysdeps/x86_64/multiarch/mempcpy_chk.c
fn=__mempcpy_chk
29 2 0 0 1 0 0 0 0 0 0 0 0 0
fl=/usr/src/debug/glibc/glibc/debug/../sysdeps/x86_64/multiarch/memset_chk.c
fn=__memset_chk
29 2 1 1 1 0 0 0 0 0 0 0 0 0
fl=/usr/src/debug/glibc/glibc/elf/../bits/stdlib-bsearch.h
fn=intel_check_word.constprop.0
26 888 0 0 0 0 0 0 0 0 324 38 0 0
28 972 0 0 0 0 0 0 0 0 0 0 0 0
43 72 0 0 0 0 0 0 0 0 0 0 0 0
44 60 1 1 0 0 0 0 0 0 0 0 0 0
fl=/usr/src/debug/glibc/glibc/elf/../elf/dl-tls.c
fn=_dl_add_to_slotinfo
1177 8 1 1 0 0 0 0 0 0 0 0 0 0
1178 8 1 1 4 0 0 0 0 0 4 0 0 0
1186 2 0 0 2 0 0 0 0 0 0 0 0 0
1189 2 0 0 2 1 0 0 0 0 0 0 0 0
1190 2 0 0 0 0 0 0 0 0 0 0 0 0
1194 6 1 1 2 0 0 0 0 0 2 0 0 0
1230 4 0 0 0 0 0 0 0 0 2 2 0 0
1233 4 1 1 0 0 0 2 2 1 0 0 0 0
1234 6 0 0 2 0 0 2 0 0 0 0 0 0
1236 2 0 0 2 0 0 0 0 0 0 0 0 0
1239 4 0 0 0 0 0 0 0 0 0 0 0 0
1240 4 0 0 2 0 0 0 0 0 0 0 0 0
fn=_dl_allocate_tls_init
612 3 1 1 0 0 0 1 0 0 0 0 0 0
613 3 1 1 0 0 0 1 0 0 1 0 0 0
617 1 0 0 1 1 0 0 0 0 0 0 0 0
619 1 1 1 0 0 0 1 0 0 0 0 0 0
620 3 0 0 0 0 0 0 0 0 1 1 0 0
623 6 0 0 1 1 0 5 0 0 0 0 1 1
626 6 1 1 2 1 0 1 0 0 1 0 0 0
638 1 0 0 1 0 0 0 0 0 0 0 0 0
643 19 1 1 4 0 0 0 0 0 3 0 0 0
649 6 1 1 0 0 0 0 0 0 3 1 0 0
652 6 0 0 2 0 0 0 0 0 0 0 0 0
653 4 0 0 0 0 0 0 0 0 2 0 0 0
659 6 0 0 4 0 0 0 0 0 2 0 0 0
660 4 1 1 0 0 0 0 0 0 0 0 0 0
662 10 0 0 4 1 0 2 1 1 0 0 0 0
665 4 0 0 0 0 0 0 0 0 2 2 0 0
666 4 0 0 2 0 0 0 0 0 0 0 0 0
669 4 0 0 0 0 0 0 0 0 2 0 0 0
670 8 1 1 4 0 0 0 0 0 2 0 0 0
672 4 0 0 0 0 0 0 0 0 2 0 0 0
673 4 0 0 2 0 0 0 0 0 0 0 0 0
682 2 0 0 0 0 0 2 0 0 0 0 0 0
692 6 0 0 2 0 0 2 0 0 2 0 0 0
694 20 1 1 6 0 0 8 0 0 0 0 0 0
698 2 0 0 2 0 0 0 0 0 0 0 0 0
702 4 0 0 4 0 0 0 0 0 0 0 0 0
708 2 1 1 1 0 0 1 0 0 0 0 1 1
711 7 0 0 6 0 0 1 0 0 0 0 0 0
714 3 0 0 2 0 0 0 0 0 0 0 0 0
fn=_dl_allocate_tls_storage
97 1 0 0 2 0 0 0 0 0 1 0 0 0
103 3 1 1 4 0 0 0 0 0 1 0 0 0
465 1 0 0 1 0 0 0 0 0 0 0 0 0
469 2 0 0 0 0 0 1 1 1 0 0 0 0
470 1 0 0 0 0 0 0 0 0 0 0 0 0
471 2 0 0 0 0 0 0 0 0 1 0 0 0
480 2 0 0 0 0 0 1 0 0 0 0 0 0
517 3 1 1 0 0 0 1 0 0 0 0 0 0
523 2 0 0 1 0 0 0 0 0 0 0 0 0
525 2 1 1 0 0 0 0 0 0 1 0 0 0
535 1 0 0 0 0 0 1 1 1 0 0 0 0
540 2 0 0 1 0 0 0 0 0 1 0 0 0
545 4 0 0 2 0 0 0 0 0 0 0 0 0
fn=_dl_assign_tls_modid
161 3 1 1 0 0 0 0 0 0 0 0 0 0
164 3 0 0 1 0 0 0 0 0 1 0 0 0
177 1 0 0 1 0 0 0 0 0 0 0 0 0
217 1 0 0 0 0 0 0 0 0 0 0 0 0
219 1 1 1 0 0 0 1 0 0 0 0 0 0
222 1 0 0 0 0 0 1 0 0 0 0 0 0
223 2 0 0 1 0 0 0 0 0 0 0 0 0
fn=_dl_count_modids
228 1 1 1 0 0 0 0 0 0 0 0 0 0
230 2 0 0 1 0 0 0 0 0 1 0 0 0
231 1 0 0 1 0 0 0 0 0 0 0 0 0
246 2 0 0 1 0 0 0 0 0 0 0 0 0
fn=_dl_determine_tlsoffset
251 5 2 2 0 0 0 3 0 0 0 0 0 0
252 2 0 0 0 0 0 0 0 0 0 0 0 0
253 1 0 0 0 0 0 0 0 0 0 0 0 0
254 1 0 0 0 0 0 0 0 0 0 0 0 0
286 1 0 0 0 0 0 0 0 0 0 0 0 0
288 15 1 1 2 0 0 1 0 0 6 1 0 0
289 5 0 0 5 0 0 0 0 0 0 0 0 0
291 15 1 1 5 0 0 0 0 0 5 3 0 0
294 6 0 0 2 0 0 0 0 0 0 0 0 0
295 4 1 1 2 0 0 0 0 0 0 0 0 0
297 4 0 0 0 0 0 0 0 0 0 0 0 0
299 8 0 0 0 0 0 0 0 0 2 2 0 0
315 16 0 0 0 0 0 0 0 0 0 0 0 0
318 2 0 0 0 0 0 0 0 0 0 0 0 0
320 10 0 0 0 0 0 0 0 0 0 0 0 0
323 2 0 0 0 0 0 0 0 0 0 0 0 0
327 2 0 0 0 0 0 2 0 0 0 0 0 0
344 3 0 0 0 0 0 0 0 0 0 0 0 0
350 9 0 0 0 0 0 0 0 0 1 0 0 0
361 3 0 0 0 0 0 1 0 0 0 0 0 0
363 1 0 0 0 0 0 1 0 0 0 0 0 0
364 7 0 0 1 0 0 0 0 0 0 0 0 0
366 2 0 0 0 0 0 1 0 0 0 0 0 0
455 1 0 0 0 0 0 1 0 0 0 0 0 0
456 5 1 1 4 0 0 0 0 0 0 0 0 0
fn=_dl_tls_initial_modid_limit_setup
1138 1 1 1 0 0 0 0 0 0 0 0 0 0
1139 1 0 0 1 0 0 0 0 0 0 0 0 0
1142 10 0 0 1 0 0 0 0 0 3 1 0 0
1144 9 0 0 3 0 0 0 0 0 0 0 0 0
1145 6 0 0 0 0 0 0 0 0 3 2 0 0
1148 4 0 0 2 0 0 0 0 0 2 0 0 0
1151 1 0 0 0 0 0 1 1 0 0 0 0 0
1152 1 0 0 1 0 0 0 0 0 0 0 0 0
fn=_dl_tls_static_surplus_init
119 3 0 0 0 0 0 0 0 0 0 0 0 0
133 5 1 1 0 0 0 2 0 0 0 0 0 0
136 5 0 0 1 0 0 1 0 0 0 0 0 0
137 5 1 1 1 0 0 1 0 0 0 0 0 0
138 3 0 0 0 0 0 0 0 0 0 0 0 0
140 4 0 0 0 0 0 0 0 0 1 0 0 0
143 1 0 0 0 0 0 0 0 0 0 0 0 0
145 1 0 0 0 0 0 1 0 0 0 0 0 0
147 3 0 0 0 0 0 1 0 0 0 0 0 0
148 4 0 0 3 0 0 0 0 0 0 0 0 0
fl=/usr/src/debug/glibc/glibc/elf/../include/list.h
fn=__tls_init_tp
43 2 0 0 1 1 0 1 0 0 0 0 0 0
44 2 0 0 0 0 0 1 0 0 0 0 0 0
45 1 0 0 0 0 0 1 0 0 0 0 0 0
47 1 0 0 0 0 0 1 0 0 0 0 0 0
fl=/usr/src/debug/glibc/glibc/elf/../include/rtld-malloc.h
fn=__minimal_calloc
56 20 0 0 10 0 0 0 0 0 0 0 10 1
fn=_dl_allocate_tls_storage
44 2 0 0 1 0 0 1 0 0 0 0 1 1
56 1 0 0 1 0 0 1 0 0 0 0 1 1
fn=_dl_check_map_versions
44 12 0 0 4 0 0 4 0 0 0 0 4 1
fn=_dl_find_object_init
56 1 0 0 1 0 0 1 0 0 0 0 1 1
fn=_dl_get_origin
56 2 0 0 1 0 0 1 1 1 0 0 1 1
fn=_dl_important_hwcaps
56 4 1 1 2 0 0 2 0 0 0 0 2 2
fn=_dl_init_paths
56 3 0 0 2 0 0 2 0 0 0 0 2 2
fn=_dl_map_object_deps
56 8 0 0 4 0 0 4 0 0 0 0 4 2
fn=_dl_new_object
44 12 0 0 4 0 0 4 1 1 0 0 4 1
56 9 1 1 3 0 0 3 0 0 0 0 3 1
fn=decompose_rpath
50 2 0 0 1 0 0 1 0 0 0 0 1 1
56 1 1 1 1 0 0 1 0 0 0 0 1 1
fn=expand_dynamic_string_token
56 1 0 0 1 0 0 1 0 0 0 0 1 1
fn=fillin_rpath.isra.0
50 3 1 1 2 0 0 1 0 0 0 0 1 1
56 2 1 1 1 0 0 1 0 0 0 0 1 1
fn=init_tls
44 4 0 0 1 0 0 2 0 0 0 0 1 1
fl=/usr/src/debug/glibc/glibc/elf/../include/scratch_buffer.h
fn=_dl_map_object_deps
77 2 0 0 0 0 0 1 1 1 0 0 0 0
78 1 0 0 0 0 0 1 0 0 0 0 0 0
85 4 1 1 1 0 0 0 0 0 1 1 0 0
131 9 0 0 0 0 0 3 0 0 0 0 0 0
fl=/usr/src/debug/glibc/glibc/elf/../include/stackinfo.h
fn=_dl_map_object_from_fd
62 126 0 0 27 0 0 21 1 1 0 0 0 0
fn=dl_main
62 7 1 1 1 0 0 1 0 0 0 0 0 0
fl=/usr/src/debug/glibc/glibc/elf/../misc/sbrk.c
fn=sbrk
37 3 1 1 0 0 0 0 0 0 0 0 0 0
40 1 0 0 1 0 0 0 0 0 0 0 0 0
58 2 0 0 0 0 0 0 0 0 1 0 0 0
62 2 0 0 0 0 0 0 0 0 1 1 0 0
78 3 1 1 1 0 0 0 0 0 0 0 0 0
fl=/usr/src/debug/glibc/glibc/elf/../nptl/nptl-stack.h
fn=__libc_early_init
61 10 1 1 1 0 0 0 0 0 0 0 0 0
fl=/usr/src/debug/glibc/glibc/elf/../sysdeps/generic/dl-cache.h
fn=_dl_load_cache_lookup
125 2 0 0 2 0 0 0 0 0 0 0 0 0
194 1 0 0 1 0 0 0 0 0 0 0 0 0
195 5 0 0 0 0 0 0 0 0 1 1 0 0
fl=/usr/src/debug/glibc/glibc/elf/../sysdeps/generic/dl-call_tls_init_tp.h
fn=init_tls
31 8 0 0 0 0 0 2 0 0 1 0 0 0
33 1 0 0 0 0 0 1 0 0 0 0 0 0
fl=/usr/src/debug/glibc/glibc/elf/../sysdeps/generic/dl-debug.h
fn=dl_main
29 3 0 0 1 0 0 0 0 0 1 0 0 0
30 1 0 0 0 0 0 1 0 0 0 0 0 0
fl=/usr/src/debug/glibc/glibc/elf/../sysdeps/generic/dl-new-hash.h
fn=_dl_lookup_symbol_x
69 131 0 0 0 0 0 0 0 0 0 0 0 0
70 393 0 0 0 0 0 0 0 0 0 0 0 0
74 999 0 0 999 105 104 0 0 0 0 0 0 0
77 1998 0 0 0 0 0 0 0 0 999 102 0 0
80 931 0 0 931 13 12 0 0 0 0 0 0 0
81 1862 0 0 0 0 0 0 0 0 931 67 0 0
87 63 1 1 0 0 0 0 0 0 0 0 0 0
88 63 0 0 0 0 0 0 0 0 0 0 0 0
89 126 0 0 0 0 0 0 0 0 0 0 0 0
90 63 0 0 0 0 0 0 0 0 0 0 0 0
99 868 0 0 0 0 0 0 0 0 0 0 0 0
101 868 1 1 0 0 0 0 0 0 0 0 0 0
102 1736 0 0 0 0 0 0 0 0 0 0 0 0
104 868 0 0 0 0 0 0 0 0 0 0 0 0
105 868 0 0 0 0 0 0 0 0 0 0 0 0
fl=/usr/src/debug/glibc/glibc/elf/../sysdeps/generic/dl-protected.h
fn=do_lookup_x
29 504 0 0 0 0 0 131 0 0 121 18 0 0
fl=/usr/src/debug/glibc/glibc/elf/../sysdeps/generic/ldsodefs.h
fn=_dl_lookup_map
96 45 1 1 15 0 0 0 0 0 15 7 0 0
99 30 0 0 18 0 0 0 0 0 6 0 0 0
100 12 0 0 6 0 0 0 0 0 0 0 0 0
fn=_dl_map_object_from_fd
96 13 1 1 7 0 0 0 0 0 3 1 0 0
99 8 1 1 2 0 0 0 0 0 2 2 0 0
100 4 0 0 2 0 0 0 0 0 0 0 0 0
fn=_dl_relocate_object_no_relro
79 34 1 1 13 0 0 0 0 0 0 0 0 0
152 390 0 0 130 0 0 0 0 0 0 0 0 0
fn=_dl_start
79 6 0 0 3 0 0 0 0 0 0 0 0 0
fn=dl_main
96 6 0 0 2 0 0 0 0 0 2 1 0 0
99 4 1 1 3 0 0 0 0 0 0 0 0 0
100 1 0 0 1 0 0 0 0 0 0 0 0 0
fn=do_lookup_x
151 242 1 1 121 0 0 0 0 0 0 0 0 0
152 363 0 0 0 0 0 0 0 0 0 0 0 0
fl=/usr/src/debug/glibc/glibc/elf/../sysdeps/nptl/dl-mutex.c
fn=__rtld_mutex_init
30 4 1 0 0 0 0 2 0 0 0 0 0 0
37 1 0 0 1 0 0 0 0 0 0 0 0 0
40 6 1 1 0 0 0 1 0 0 0 0 0 0
44 2 0 0 0 0 0 0 0 0 1 0 0 0
45 10 1 1 3 0 0 1 0 0 1 0 0 0
47 7 0 0 0 0 0 1 0 0 0 0 0 0
51 2 0 0 0 0 0 0 0 0 1 0 0 0
52 7 1 1 3 0 0 1 0 0 1 0 0 0
53 4 0 0 3 0 0 0 0 0 0 0 0 0
fl=/usr/src/debug/glibc/glibc/elf/../sysdeps/nptl/dl-tls_init_tp.c
fn=__tls_init_tp
69 2 1 0 0 0 0 0 0 0 0 0 0 0
70 1 0 0 1 0 0 0 0 0 0 0 0 0
73 1 0 0 0 0 0 0 0 0 0 0 0 0
76 4 1 1 0 0 0 1 0 0 0 0 0 0
77 2 0 0 0 0 0 1 0 0 0 0 0 0
78 1 1 1 0 0 0 1 0 0 0 0 0 0
79 1 0 0 0 0 0 1 0 0 0 0 0 0
84 2 0 0 1 0 0 1 0 0 0 0 0 0
89 2 0 0 0 0 0 1 0 0 0 0 0 0
91 1 0 0 0 0 0 1 0 0 0 0 0 0
92 1 1 1 0 0 0 1 0 0 0 0 0 0
95 3 0 0 0 0 0 0 0 0 0 0 0 0
111 4 0 0 0 0 0 1 0 0 0 0 0 0
113 1 0 0 0 0 0 1 0 0 0 0 0 0
119 2 0 0 1 0 0 1 0 0 0 0 0 0
120 2 0 0 1 0 0 0 0 0 0 0 0 0
fn=__tls_pre_init_tp
54 4 2 2 0 0 0 0 0 0 0 0 0 0
57 4 0 0 0 0 0 1 1 1 0 0 0 0
59 5 0 0 0 0 0 1 0 0 0 0 0 0
62 2 0 0 0 0 0 1 0 0 0 0 0 0
63 2 1 1 0 0 0 1 0 0 0 0 0 0
65 1 0 0 1 0 0 0 0 0 0 0 0 0
fn=rtld_mutex_dummy
43 10 0 0 0 0 0 0 0 0 0 0 0 0
45 20 0 0 10 0 0 0 0 0 0 0 0 0
fl=/usr/src/debug/glibc/glibc/elf/../sysdeps/nptl/pthread_early_init.h
fn=__libc_early_init
33 5 0 0 0 0 0 1 0 0 1 0 0 0
34 3 1 1 1 0 0 0 0 0 1 0 0 0
38 3 0 0 0 0 0 0 0 0 0 0 0 0
45 2 0 0 2 1 0 0 0 0 0 0 0 0
46 1 0 0 0 0 0 0 0 0 0 0 0 0
48 2 0 0 0 0 0 0 0 0 0 0 0 0
52 5 0 0 0 0 0 1 0 0 0 0 0 0
53 1 0 0 0 0 0 1 1 1 0 0 0 0
54 1 0 0 0 0 0 1 1 1 0 0 0 0
56 1 0 0 0 0 0 1 0 0 0 0 0 0
fl=/usr/src/debug/glibc/glibc/elf/../sysdeps/posix/dl-fileid.h
fn=_dl_map_object_from_fd
37 12 0 0 0 0 0 3 1 1 3 0 0 0
40 6 1 1 3 0 0 3 0 0 0 0 0 0
41 6 0 0 3 0 0 3 0 0 0 0 0 0
49 24 0 0 12 1 1 0 0 0 12 7 0 0
fl=/usr/src/debug/glibc/glibc/elf/../sysdeps/unix/sysv/linux/brk.c
fn=brk
36 1 1 1 0 0 0 0 0 0 0 0 0 0
37 1 0 0 0 0 0 1 1 1 0 0 0 0
38 2 0 0 0 0 0 0 0 0 1 0 0 0
44 1 0 0 0 0 0 0 0 0 0 0 0 0
45 1 0 0 1 0 0 0 0 0 0 0 0 0
fl=/usr/src/debug/glibc/glibc/elf/../sysdeps/unix/sysv/linux/brk_call.h
fn=brk
24 2 0 0 0 0 0 0 0 0 0 0 0 0
fl=/usr/src/debug/glibc/glibc/elf/../sysdeps/unix/sysv/linux/dl-extra_tls.h
fn=_dl_determine_tlsoffset
32 4 0 0 0 0 0 1 0 0 0 0 0 0
33 3 1 1 1 0 0 0 0 0 1 0 0 0
37 10 0 0 2 0 0 0 0 0 0 0 0 0
44 1 0 0 0 0 0 0 0 0 0 0 0 0
51 4 0 0 0 0 0 1 0 0 0 0 0 0
52 3 1 1 1 0 0 0 0 0 1 1 0 0
54 1 1 1 1 0 0 0 0 0 0 0 0 0
fl=/usr/src/debug/glibc/glibc/elf/../sysdeps/unix/sysv/linux/dl-origin.c
fn=_dl_get_origin
32 7 1 1 1 1 1 1 0 0 0 0 0 0
37 9 1 1 0 0 0 0 0 0 0 0 0 0
39 5 0 0 1 0 0 0 0 0 2 0 0 0
42 10 1 1 0 0 0 0 0 0 3 1 0 0
43 102 1 1 17 1 1 0 0 0 34 7 0 0
44 16 0 0 0 0 0 0 0 0 0 0 0 0
45 1 0 0 0 0 0 0 0 0 0 0 0 0
46 2 0 0 0 0 0 0 0 0 1 0 0 0
51 7 0 0 2 0 0 3 0 0 0 0 0 0
67 1 1 1 0 0 0 1 0 0 0 0 0 0
75 6 1 1 2 0 0 0 0 0 0 0 0 0
fl=/usr/src/debug/glibc/glibc/elf/../sysdeps/unix/sysv/linux/dl-osinfo.h
fn=dl_main
39 2 0 0 1 0 0 0 0 0 0 0 0 0
52 1 0 0 1 0 0 0 0 0 0 0 0 0
fl=/usr/src/debug/glibc/glibc/elf/../sysdeps/unix/sysv/linux/dl-parse_auxv.h
fn=_dl_sysdep_parse_arguments
33 2 0 0 0 0 0 1 0 0 0 0 0 0
34 1 0 0 0 0 0 1 0 0 0 0 0 0
35 1 0 0 0 0 0 1 0 0 0 0 0 0
42 95 1 1 23 0 0 0 0 0 23 6 0 0
43 44 0 0 0 0 0 0 0 0 22 0 0 0
44 44 0 0 22 5 5 22 0 0 0 0 0 0
46 1 0 0 0 0 0 1 0 0 0 0 0 0
47 2 0 0 1 0 0 1 0 0 0 0 0 0
48 2 0 0 1 0 0 1 1 1 0 0 0 0
49 2 0 0 1 0 0 1 0 0 0 0 0 0
50 1 0 0 0 0 0 1 0 0 0 0 0 0
52 2 1 1 1 0 0 1 0 0 0 0 0 0
53 2 1 1 1 0 0 1 0 0 0 0 0 0
54 2 0 0 1 0 0 1 0 0 0 0 0 0
55 2 0 0 1 0 0 1 0 0 0 0 0 0
57 2 0 0 1 0 0 1 1 1 0 0 0 0
65 6 1 1 2 0 0 1 0 0 0 0 0 0
67 4 1 1 2 0 0 1 1 1 0 0 0 0
fl=/usr/src/debug/glibc/glibc/elf/../sysdeps/unix/sysv/linux/dl-sysdep.c
fn=_dl_sysdep_parse_arguments
78 8 1 1 0 0 0 6 0 0 0 0 0 0
79 2 0 0 1 0 0 1 0 0 0 0 0 0
80 2 1 1 0 0 0 1 0 0 0 0 0 0
81 3 0 0 0 0 0 1 1 1 0 0 0 0
82 73 0 0 0 0 0 0 0 0 0 0 0 0
83 149 0 0 74 10 10 0 0 0 74 10 0 0
86 2 0 0 0 0 0 1 1 1 0 0 0 0
90 13 2 2 0 0 0 13 7 7 0 0 0 0
93 5 0 0 4 0 0 1 0 0 0 0 0 0
94 2 0 0 1 0 0 1 0 0 0 0 0 0
95 3 0 0 1 0 0 1 0 0 0 0 0 0
96 8 0 0 7 0 0 0 0 0 0 0 0 0
fn=_dl_sysdep_start
102 4 1 1 0 0 0 1 0 0 0 0 0 0
103 1 0 0 0 0 0 1 0 0 0 0 0 0
106 2 0 0 0 0 0 1 1 1 0 0 0 0
110 2 0 0 1 0 0 1 0 0 0 0 0 0
113 1 0 0 0 0 0 1 0 0 0 0 0 0
115 2 0 0 0 0 0 1 0 0 0 0 0 0
122 3 1 1 1 0 0 0 0 0 1 0 0 0
123 2 0 0 0 0 0 2 0 0 0 0 0 0
125 5 0 0 0 0 0 1 0 0 1 0 0 0
137 3 0 0 1 0 0 0 0 0 1 0 0 0
140 5 1 1 3 0 0 1 0 0 0 0 1 1
143 4 1 0 3 1 0 0 0 0 0 0 0 0
fn=_dl_sysdep_start_cleanup
147 1 1 1 0 0 0 0 0 0 0 0 0 0
148 1 0 0 1 0 0 0 0 0 0 0 0 0
fl=/usr/src/debug/glibc/glibc/elf/../sysdeps/unix/sysv/linux/dl-vdso-setup.h
fn=dl_main
30 1 0 0 0 0 0 1 0 0 0 0 0 0
33 1 0 0 0 0 0 1 0 0 0 0 0 0
36 1 0 0 0 0 0 1 0 0 0 0 0 0
39 1 0 0 0 0 0 1 0 0 0 0 0 0
45 3 1 1 0 0 0 1 0 0 0 0 0 0
54 1 0 0 0 0 0 1 0 0 0 0 0 0
fl=/usr/src/debug/glibc/glibc/elf/../sysdeps/unix/sysv/linux/dl-vdso.h
fn=dl_main
40 1 0 0 1 0 0 0 0 0 0 0 0 0
41 5 2 2 0 0 0 1 0 0 1 0 0 0
fl=/usr/src/debug/glibc/glibc/elf/../sysdeps/unix/sysv/linux/rseq-internal.h
fn=__tls_init_tp
93 4 0 0 2 0 0 1 0 0 0 0 0 0
100 3 0 0 1 0 0 0 0 0 1 1 0 0
108 4 1 1 1 0 0 0 0 0 0 0 0 0
112 5 0 0 0 0 0 2 0 0 0 0 0 0
116 2 1 1 1 0 0 1 0 0 0 0 0 0
118 5 0 0 1 0 0 0 0 0 0 0 0 0
119 2 0 0 0 0 0 0 0 0 1 1 0 0
124 1 0 0 0 0 0 1 0 0 0 0 0 0
fl=/usr/src/debug/glibc/glibc/elf/../sysdeps/unix/sysv/linux/x86/dl-hwcap2.h
fn=update_active.constprop.0
25 2 1 1 1 0 0 0 0 0 1 1 0 0
fl=/usr/src/debug/glibc/glibc/elf/../sysdeps/unix/sysv/linux/x86/dl-minsigstacksize.h
fn=get_common_indices.constprop.0
24 2 1 1 1 0 0 0 0 0 1 0 0 0
27 2 0 0 1 0 0 0 0 0 1 0 0 0
28 2 0 0 1 0 0 0 0 0 1 0 0 0
65 3 0 0 0 0 0 0 0 0 0 0 0 0
74 2 1 1 0 0 0 1 0 0 0 0 0 0
fl=/usr/src/debug/glibc/glibc/elf/../sysdeps/x86/cpu-features.c
fn=get_common_indices.constprop.0
431 1 1 1 0 0 0 1 0 0 0 0 0 0
435 4 0 0 0 0 0 0 0 0 1 0 0 0
438 5 1 1 0 0 0 3 1 1 0 0 0 0
442 1 0 0 0 0 0 1 0 0 0 0 0 0
443 4 0 0 0 0 0 1 0 0 0 0 0 0
444 4 0 0 0 0 0 1 0 0 0 0 0 0
445 4 0 0 0 0 0 1 0 0 0 0 0 0
446 3 0 0 0 0 0 1 0 0 0 0 0 0
447 2 0 0 1 0 0 0 0 0 1 0 0 0
454 2 1 1 1 0 0 0 0 0 1 0 0 0
456 7 0 0 0 0 0 4 0 0 0 0 0 0
461 7 1 1 0 0 0 4 1 1 0 0 0 0
468 2 0 0 1 0 0 0 0 0 1 0 0 0
469 7 1 1 0 0 0 4 1 1 0 0 0 0
475 2 0 0 1 0 0 0 0 0 1 1 0 0
490 2 0 0 2 0 0 0 0 0 0 0 0 0
fn=init_cpu_features.constprop.0
409 3 1 1 0 0 0 0 0 0 0 0 0 0
410 2 0 0 0 0 0 0 0 0 1 0 0 0
411 6 0 0 0 0 0 4 0 0 0 0 0 0
416 2 0 0 0 0 0 0 0 0 1 0 0 0
417 6 1 1 0 0 0 4 1 1 0 0 0 0
422 2 0 0 0 0 0 0 0 0 1 0 0 0
423 7 0 0 0 0 0 4 0 0 0 0 0 0
565 4 0 0 1 1 1 0 0 0 1 0 0 0
728 7 1 1 0 0 0 6 0 0 0 0 0 0
731 1 0 0 0 0 0 1 0 0 0 0 0 0
732 1 0 0 0 0 0 1 0 0 0 0 0 0
733 1 0 0 0 0 0 1 0 0 0 0 0 0
740 1 1 1 1 1 1 0 0 0 0 0 0 0
742 1 0 0 0 0 0 1 1 1 0 0 0 0
751 3 0 0 0 0 0 1 0 0 0 0 0 0
754 6 1 1 0 0 0 0 0 0 3 0 0 0
755 1 0 0 0 0 0 0 0 0 0 0 0 0
758 1 0 0 0 0 0 0 0 0 0 0 0 0
760 6 0 0 0 0 0 1 0 0 0 0 0 0
765 1 1 1 0 0 0 1 0 0 0 0 0 0
769 1 0 0 1 0 0 0 0 0 0 0 0 0
770 3 0 0 0 0 0 1 0 0 0 0 0 0
773 3 0 0 1 0 0 0 0 0 1 1 0 0
775 4 1 1 2 0 0 1 0 0 0 0 0 0
781 5 1 1 0 0 0 0 0 0 3 1 0 0
818 2 1 1 0 0 0 0 0 0 1 0 0 0
821 2 0 0 0 0 0 1 0 0 0 0 0 0
901 2 1 1 1 0 0 0 0 0 1 0 0 0
908 2 0 0 0 0 0 1 0 0 0 0 0 0
926 1 1 1 0 0 0 1 0 0 0 0 0 0
927 2 0 0 1 0 0 0 0 0 0 0 0 0
968 2 0 0 1 0 0 0 0 0 1 0 0 0
975 2 0 0 1 0 0 0 0 0 1 0 0 0
977 2 0 0 0 0 0 1 0 0 0 0 0 0
981 2 0 0 0 0 0 0 0 0 1 1 0 0
987 2 1 1 1 0 0 0 0 0 1 1 0 0
1148 3 1 1 1 0 0 0 0 0 1 0 0 0
1149 2 0 0 0 0 0 1 0 0 0 0 0 0
1152 2 0 0 0 0 0 0 0 0 1 0 0 0
1153 2 1 1 0 0 0 1 0 0 0 0 0 0
1156 5 0 0 1 0 0 0 0 0 1 1 0 0
1163 1 0 0 0 0 0 1 0 0 0 0 0 0
1164 1 0 0 0 0 0 1 0 0 0 0 0 0
1165 1 0 0 0 0 0 1 0 0 0 0 0 0
1166 2 0 0 1 0 0 1 0 0 0 0 0 0
1170 4 1 1 0 0 0 1 0 0 0 0 0 0
1173 4 0 0 0 0 0 1 0 0 0 0 0 0
1236 1 0 0 0 0 0 1 0 0 0 0 0 0
1237 2 0 0 1 0 0 0 0 0 1 1 0 0
1241 3 1 1 1 0 0 0 0 0 1 1 0 0
1258 3 1 1 0 0 0 0 0 0 1 0 0 0
1259 4 0 0 1 0 0 0 0 0 1 0 0 0
1262 2 0 0 1 0 0 0 0 0 1 1 0 0
1265 1 0 0 0 0 0 0 0 0 0 0 0 0
1268 2 0 0 0 0 0 1 0 0 0 0 0 0
1282 4 1 1 0 0 0 1 0 0 0 0 0 0
1284 4 0 0 0 0 0 1 0 0 0 0 0 0
1291 2 0 0 1 0 0 0 0 0 1 1 0 0
1297 1 0 0 0 0 0 1 1 1 0 0 0 0
1303 1 0 0 0 0 0 0 0 0 0 0 0 0
1306 2 0 0 0 0 0 0 0 0 0 0 0 0
1329 5 0 0 0 0 0 2 0 0 0 0 0 0
1336 8 0 0 7 0 0 0 0 0 0 0 0 0
fn=update_active.constprop.0
90 6 0 0 0 0 0 6 0 0 0 0 0 0
94 1 1 1 1 0 0 0 0 0 0 0 0 0
102 3 1 1 1 0 0 0 0 0 0 0 0 0
103 3 0 0 0 0 0 0 0 0 0 0 0 0
104 2 0 0 1 0 0 1 0 0 0 0 0 0
112 3 0 0 1 0 0 1 0 0 0 0 0 0
113 1 0 0 1 0 0 0 0 0 0 0 0 0
121 4 0 0 1 0 0 1 0 0 0 0 0 0
122 1 0 0 1 0 0 0 0 0 0 0 0 0
127 4 1 1 0 0 0 1 0 0 0 0 0 0
130 4 0 0 1 0 0 1 0 0 0 0 0 0
131 1 0 0 1 0 0 0 0 0 0 0 0 0
134 5 1 1 1 0 0 2 0 0 0 0 0 0
135 2 0 0 1 0 0 1 0 0 0 0 0 0
139 5 0 0 1 0 0 1 0 0 0 0 0 0
140 3 0 0 2 0 0 0 0 0 0 0 0 0
141 3 1 1 2 0 0 0 0 0 0 0 0 0
142 1 0 0 1 0 0 0 0 0 0 0 0 0
146 4 0 0 1 0 0 1 0 0 0 0 0 0
147 5 0 0 2 0 0 1 0 0 0 0 0 0
148 3 0 0 2 1 1 0 0 0 0 0 0 0
150 2 1 1 0 0 0 0 0 0 1 0 0 0
151 4 0 0 0 0 0 1 0 0 0 0 0 0
165 2 0 0 0 0 0 0 0 0 1 1 0 0
169 6 1 1 0 0 0 3 0 0 0 0 0 0
170 3 0 0 0 0 0 0 0 0 0 0 0 0
172 5 1 1 0 0 0 2 0 0 1 1 0 0
176 4 1 1 0 0 0 1 0 0 1 0 0 0
182 2 0 0 0 0 0 0 0 0 1 1 0 0
184 2 0 0 0 0 0 1 0 0 0 0 0 0
188 1 0 0 0 0 0 0 0 0 0 0 0 0
189 1 1 1 1 0 0 0 0 0 0 0 0 0
196 4 0 0 0 0 0 1 0 0 0 0 0 0
198 4 0 0 1 0 0 1 0 0 0 0 0 0
204 4 0 0 0 0 0 1 0 0 0 0 0 0
206 4 0 0 1 0 0 1 0 0 0 0 0 0
208 6 2 2 0 0 0 2 0 0 0 0 0 0
213 5 0 0 0 0 0 1 0 0 1 1 0 0
262 3 0 0 1 0 0 0 0 0 0 0 0 0
263 3 0 0 1 0 0 0 0 0 1 1 0 0
279 4 1 1 0 0 0 0 0 0 1 0 0 0
295 2 0 0 0 0 0 0 0 0 1 1 0 0
299 2 0 0 0 0 0 1 0 0 0 0 0 0
300 1 0 0 1 0 0 0 0 0 0 0 0 0
303 4 1 1 1 0 0 1 0 0 0 0 0 0
307 2 0 0 0 0 0 0 0 0 1 0 0 0
311 3 0 0 0 0 0 0 0 0 0 0 0 0
312 2 0 0 0 0 0 0 0 0 1 0 0 0
316 1 0 0 0 0 0 0 0 0 0 0 0 0
317 1 0 0 0 0 0 0 0 0 0 0 0 0
320 2 1 1 0 0 0 1 0 0 0 0 0 0
322 1 0 0 0 0 0 1 0 0 0 0 0 0
323 1 0 0 0 0 0 1 1 1 0 0 0 0
326 2 0 0 0 0 0 0 0 0 1 1 0 0
389 5 2 2 0 0 0 0 0 0 1 1 0 0
393 3 0 0 1 0 0 0 0 0 1 1 0 0
402 1 0 0 0 0 0 1 0 0 0 0 0 0
403 7 0 0 7 0 0 0 0 0 0 0 0 0
fl=/usr/src/debug/glibc/glibc/elf/../sysdeps/x86/dl-cacheinfo.h
fn=get_common_cache_info.constprop.0
624 5 1 1 0 0 0 1 0 0 0 0 0 0
639 1 0 0 1 0 0 0 0 0 0 0 0 0
642 1 0 0 1 0 0 0 0 0 0 0 0 0
643 1 1 1 1 0 0 0 0 0 0 0 0 0
649 2 0 0 0 0 0 2 0 0 0 0 0 0
651 11 1 1 3 0 0 1 0 0 1 1 0 0
654 2 0 0 0 0 0 0 0 0 1 0 0 0
666 1 1 1 0 0 0 0 0 0 0 0 0 0
671 6 0 0 1 0 0 2 0 0 1 0 0 0
675 5 0 0 0 0 0 3 0 0 1 0 0 0
680 1 0 0 0 0 0 0 0 0 0 0 0 0
683 19 1 1 0 0 0 1 0 0 0 0 0 0
690 8 0 0 0 0 0 0 0 0 4 0 0 0
693 26 0 0 0 0 0 0 0 0 7 5 0 0
698 7 1 1 2 0 0 0 0 0 1 0 0 0
702 3 1 1 0 0 0 0 0 0 0 0 0 0
703 2 0 0 0 0 0 0 0 0 0 0 0 0
707 2 0 0 0 0 0 0 0 0 1 0 0 0
711 3 0 0 0 0 0 0 0 0 0 0 0 0
714 3 0 0 0 0 0 0 0 0 0 0 0 0
715 1 0 0 0 0 0 0 0 0 0 0 0 0
720 4 0 0 0 0 0 0 0 0 2 1 0 0
726 4 1 1 0 0 0 0 0 0 2 0 0 0
730 3 0 0 1 0 0 0 0 0 1 0 0 0
734 6 0 0 1 0 0 0 0 0 0 0 0 0
736 3 0 0 0 0 0 1 0 0 1 0 0 0
738 6 0 0 1 0 0 0 0 0 2 1 0 0
740 10 1 1 0 0 0 1 0 0 0 0 0 0
742 2 0 0 0 0 0 0 0 0 0 0 0 0
744 8 0 0 0 0 0 0 0 0 3 0 0 0
746 4 0 0 0 0 0 0 0 0 2 1 0 0
749 3 1 1 0 0 0 1 0 0 1 0 0 0
754 1 0 0 0 0 0 0 0 0 0 0 0 0
756 1 0 0 0 0 0 0 0 0 0 0 0 0
757 3 0 0 0 0 0 0 0 0 0 0 0 0
758 1 1 1 0 0 0 0 0 0 0 0 0 0
761 2 0 0 0 0 0 0 0 0 1 1 0 0
764 2 1 1 0 0 0 0 0 0 1 0 0 0
771 1 0 0 0 0 0 0 0 0 0 0 0 0
773 1 0 0 0 0 0 0 0 0 0 0 0 0
774 1 0 0 0 0 0 0 0 0 0 0 0 0
779 2 0 0 0 0 0 0 0 0 0 0 0 0
784 2 0 0 0 0 0 0 0 0 1 0 0 0
785 2 0 0 1 0 0 0 0 0 0 0 0 0
786 2 0 0 0 0 0 0 0 0 1 0 0 0
787 1 0 0 0 0 0 0 0 0 0 0 0 0
812 1 0 0 0 0 0 0 0 0 0 0 0 0
823 2 1 1 0 0 0 0 0 0 1 0 0 0
824 5 0 0 0 0 0 0 0 0 0 0 0 0
828 7 1 1 4 0 0 0 0 0 1 1 0 0
835 1 1 1 0 0 0 1 0 0 0 0 0 0
836 1 0 0 0 0 0 1 0 0 0 0 0 0
837 1 0 0 0 0 0 1 0 0 0 0 0 0
838 3 0 0 2 0 0 0 0 0 0 0 0 0
fn=handle_intel.constprop.0
261 72 0 0 0 0 0 48 0 0 0 0 0 0
266 24 1 1 12 0 0 0 0 0 12 0 0 0
272 12 1 1 0 0 0 12 0 0 0 0 0 0
278 48 0 0 0 0 0 0 0 0 0 0 0 0
282 24 0 0 0 0 0 0 0 0 12 11 0 0
287 24 0 0 0 0 0 0 0 0 0 0 0 0
290 36 1 1 0 0 0 12 0 0 0 0 0 0
292 24 0 0 0 0 0 0 0 0 12 0 0 0
295 60 0 0 0 0 0 12 0 0 0 0 0 0
297 24 0 0 0 0 0 0 0 0 12 12 0 0
316 72 0 0 60 0 0 0 0 0 0 0 0 0
fn=init_cpu_features.constprop.0
861 2 0 0 0 0 0 0 0 0 1 1 0 0
863 5 1 1 0 0 0 3 0 0 0 0 0 0
864 4 1 1 0 0 0 2 0 0 0 0 0 0
865 1 0 0 0 0 0 1 0 0 0 0 0 0
868 3 0 0 0 0 0 2 0 0 0 0 0 0
870 3 0 0 0 0 0 2 0 0 0 0 0 0
871 1 0 0 0 0 0 1 0 0 0 0 0 0
873 3 0 0 0 0 0 2 0 0 0 0 0 0
875 3 0 0 0 0 0 2 0 0 0 0 0 0
877 3 1 1 0 0 0 2 0 0 0 0 0 0
879 3 0 0 0 0 0 2 0 0 0 0 0 0
881 3 0 0 0 0 0 2 0 0 0 0 0 0
884 3 1 1 0 0 0 2 0 0 0 0 0 0
886 3 0 0 0 0 0 1 0 0 0 0 0 0
888 3 0 0 0 0 0 2 0 0 0 0 0 0
890 8 1 1 3 0 0 2 0 0 0 0 0 0
964 1 0 0 0 0 0 1 0 0 0 0 0 0
965 2 1 1 1 0 0 1 1 1 0 0 0 0
966 2 0 0 1 0 0 1 0 0 0 0 0 0
967 2 0 0 1 0 0 1 0 0 0 0 0 0
968 2 0 0 1 0 0 1 0 0 0 0 0 0
969 1 0 0 0 0 0 1 0 0 0 0 0 0
970 1 0 0 0 0 0 1 0 0 0 0 0 0
971 1 0 0 0 0 0 1 0 0 0 0 0 0
972 1 0 0 0 0 0 1 0 0 0 0 0 0
973 2 1 1 1 0 0 1 0 0 0 0 0 0
974 1 0 0 0 0 0 1 0 0 0 0 0 0
975 1 0 0 0 0 0 1 0 0 0 0 0 0
977 1 0 0 1 0 0 0 0 0 0 0 0 0
980 3 1 1 0 0 0 0 0 0 0 0 0 0
994 3 0 0 1 0 0 0 0 0 0 0 0 0
995 7 1 1 5 0 0 2 0 0 0 0 0 0
1000 3 0 0 0 0 0 0 0 0 0 0 0 0
1001 5 0 0 1 0 0 0 0 0 0 0 0 0
1002 2 0 0 0 0 0 0 0 0 0 0 0 0
1010 6 1 1 0 0 0 2 0 0 0 0 0 0
1011 2 0 0 1 0 0 0 0 0 1 0 0 0
1031 6 1 1 0 0 0 0 0 0 0 0 0 0
1040 2 0 0 0 0 0 0 0 0 0 0 0 0
1041 2 0 0 0 0 0 0 0 0 1 1 0 0
1046 3 1 1 0 0 0 1 0 0 1 0 0 0
1049 1 1 1 0 0 0 0 0 0 0 0 0 0
1050 2 0 0 0 0 0 1 0 0 0 0 0 0
1060 3 0 0 1 0 0 0 0 0 0 0 0 0
1066 2 0 0 0 0 0 0 0 0 0 0 0 0
1073 5 1 1 1 0 0 1 0 0 0 0 0 0
1075 1 0 0 0 0 0 0 0 0 0 0 0 0
1076 5 1 1 2 0 0 2 0 0 0 0 0 0
1078 5 0 0 1 0 0 1 0 0 0 0 0 0
1080 1 0 0 0 0 0 0 0 0 0 0 0 0
1086 3 0 0 1 0 0 0 0 0 0 0 0 0
1090 5 0 0 1 0 0 1 0 0 0 0 0 0
1091 3 0 0 0 0 0 0 0 0 0 0 0 0
1095 5 1 1 1 0 0 1 0 0 0 0 0 0
1096 3 0 0 0 0 0 0 0 0 0 0 0 0
1100 5 1 1 1 0 0 1 0 0 0 0 0 0
1101 1 0 0 1 0 0 0 0 0 0 0 0 0
1107 6 0 0 1 0 0 2 0 0 0 0 0 0
1109 3 0 0 2 0 0 0 0 0 1 0 0 0
1133 12 2 2 1 0 0 7 0 0 0 0 0 0
1139 2 0 0 1 0 0 0 0 0 1 0 0 0
1142 10 1 1 1 0 0 5 0 0 0 0 0 0
1144 10 1 1 1 0 0 5 0 0 0 0 0 0
1145 10 1 1 1 0 0 5 0 0 0 0 0 0
1146 12 1 1 0 0 0 5 0 0 0 0 0 0
1149 12 1 1 1 0 0 5 0 0 0 0 0 0
1157 2 0 0 1 0 0 1 0 0 0 0 0 0
1158 7 1 1 3 0 0 3 0 0 0 0 0 0
1159 1 0 0 0 0 0 1 0 0 0 0 0 0
1160 2 0 0 1 0 0 1 0 0 0 0 0 0
1161 1 0 0 0 0 0 1 0 0 0 0 0 0
1162 2 1 1 1 0 0 1 0 0 0 0 0 0
1163 1 0 0 0 0 0 1 0 0 0 0 0 0
fn=intel_check_word.constprop.0
120 648 0 0 324 6 6 0 0 0 324 12 0 0
123 324 0 0 0 0 0 0 0 0 324 28 0 0
129 168 0 0 0 0 0 96 0 0 0 0 0 0
133 48 1 1 0 0 0 0 0 0 24 0 0 0
135 12 0 0 0 0 0 0 0 0 0 0 0 0
139 168 0 0 0 0 0 0 0 0 0 0 0 0
141 144 0 0 0 0 0 0 0 0 48 2 0 0
143 60 0 0 0 0 0 0 0 0 0 0 0 0
145 180 1 1 0 0 0 0 0 0 60 10 0 0
153 120 0 0 0 0 0 0 0 0 60 2 0 0
162 24 1 1 0 0 0 0 0 0 0 0 0 0
165 99 0 0 0 0 0 0 0 0 0 0 0 0
168 123 1 1 0 0 0 0 0 0 45 5 0 0
172 58 1 1 0 0 0 0 0 0 0 0 0 0
174 189 0 0 0 0 0 0 0 0 44 8 0 0
177 98 0 0 0 0 0 0 0 0 20 3 0 0
178 90 0 0 0 0 0 0 0 0 18 4 0 0
179 78 0 0 0 0 0 0 0 0 15 3 0 0
180 66 0 0 0 0 0 0 0 0 12 4 0 0
182 11 1 1 0 0 0 0 0 0 0 0 0 0
184 22 0 0 0 0 0 0 0 0 11 4 0 0
186 12 1 1 0 0 0 0 0 0 0 0 0 0
187 16 0 0 0 0 0 0 0 0 0 0 0 0
188 12 0 0 0 0 0 0 0 0 0 0 0 0
189 20 0 0 0 0 0 0 0 0 0 0 0 0
190 14 0 0 0 0 0 0 0 0 7 3 0 0
191 9 0 0 0 0 0 0 0 0 0 0 0 0
193 8 0 0 0 0 0 0 0 0 4 0 0 0
194 12 0 0 0 0 0 0 0 0 0 0 0 0
197 21 0 0 0 0 0 0 0 0 0 0 0 0
200 2 0 0 0 0 0 0 0 0 0 0 0 0
204 192 0 0 0 0 0 0 0 0 48 8 0 0
212 120 1 1 48 0 0 0 0 0 0 0 0 0
219 24 0 0 0 0 0 0 0 0 0 0 0 0
226 168 2 2 0 0 0 0 0 0 0 0 0 0
257 144 0 0 120 0 0 0 0 0 0 0 0 0
fl=/usr/src/debug/glibc/glibc/elf/../sysdeps/x86/dl-get-cpu-features.c
fn=__x86_cpu_features
39 3 0 0 1 0 0 0 0 0 1 0 0 0
76 3 1 1 1 0 0 0 0 0 0 0 0 0
fn=_dl_x86_init_cpu_features
37 2 1 1 0 0 0 0 0 0 0 0 0 0
39 3 0 0 1 0 0 0 0 0 1 1 0 0
41 1 0 0 0 0 0 1 0 0 0 0 0 0
49 3 1 1 1 0 0 0 0 0 1 0 0 0
55 2 0 0 0 0 0 0 0 0 1 0 0 0
74 2 0 0 1 0 0 0 0 0 0 0 0 0
fl=/usr/src/debug/glibc/glibc/elf/../sysdeps/x86/dl-isa-level.h
fn=_dl_load_cache_lookup
28 12 1 1 2 0 0 4 0 0 0 0 0 0
fl=/usr/src/debug/glibc/glibc/elf/../sysdeps/x86/dl-prop.h
fn=_dl_map_object_from_fd
149 16 0 0 8 0 0 0 0 0 8 6 0 0
fn=_dl_process_pt_gnu_property
95 28 1 1 0 0 0 0 0 0 7 1 0 0
97 2 0 0 0 0 0 0 0 0 1 0 0 0
102 12 0 0 0 0 0 0 0 0 6 0 0 0
115 12 0 0 0 0 0 0 0 0 6 2 0 0
118 6 0 0 6 1 1 0 0 0 0 0 0 0
252 6 0 0 0 0 0 0 0 0 3 0 0 0
253 3 0 0 0 0 0 3 0 0 0 0 0 0
254 6 1 1 0 0 0 0 0 0 3 2 0 0
255 3 0 0 0 0 0 3 0 0 0 0 0 0
257 24 0 0 6 0 0 6 0 0 0 0 0 0
258 3 0 0 1 0 0 0 0 0 1 0 0 0
260 6 1 1 3 0 0 0 0 0 0 0 0 0
fn=dl_main
36 1 0 0 1 0 0 0 0 0 0 0 0 0
37 18 0 0 1 0 0 0 0 0 6 3 0 0
40 5 1 1 5 0 0 0 0 0 0 0 0 0
49 28 0 0 9 0 0 0 0 0 10 1 0 0
53 12 0 0 6 0 0 0 0 0 4 2 0 0
71 3 0 0 0 0 0 1 0 0 0 0 0 0
149 6 0 0 3 0 0 0 0 0 3 3 0 0
fl=/usr/src/debug/glibc/glibc/elf/../sysdeps/x86/get-isa-level.h
fn=_dl_hwcaps_subdirs_active
31 4 0 0 1 0 0 0 0 0 1 1 0 0
32 3 1 1 1 0 0 0 0 0 1 0 0 0
39 5 0 0 1 0 0 0 0 0 1 0 0 0
40 4 0 0 1 0 0 0 0 0 1 0 0 0
48 3 0 0 0 0 0 0 0 0 1 0 0 0
51 4 1 1 1 0 0 0 0 0 1 1 0 0
54 2 0 0 0 0 0 0 0 0 1 0 0 0
fn=update_active.constprop.0
28 1 0 0 0 0 0 0 0 0 0 0 0 0
30 1 0 0 1 0 0 0 0 0 0 0 0 0
31 3 0 0 0 0 0 0 0 0 1 1 0 0
32 3 0 0 1 0 0 0 0 0 1 0 0 0
39 4 0 0 0 0 0 0 0 0 1 0 0 0
40 3 0 0 1 0 0 0 0 0 1 0 0 0
48 3 0 0 0 0 0 0 0 0 1 0 0 0
49 1 1 1 1 0 0 0 0 0 0 0 0 0
51 4 0 0 0 0 0 0 0 0 0 0 0 0
54 2 0 0 0 0 0 0 0 0 1 0 0 0
63 6 0 0 0 0 0 0 0 0 0 0 0 0
fl=/usr/src/debug/glibc/glibc/elf/../sysdeps/x86_64/dl-cet.c
fn=_dl_cet_check
275 2 1 1 0 0 0 0 0 0 1 0 0 0
276 1 0 0 0 0 0 1 0 0 0 0 0 0
277 2 0 0 1 0 0 0 0 0 0 0 0 0
282 4 0 0 1 0 0 1 0 0 0 0 0 0
283 3 0 0 0 0 0 1 0 0 0 0 0 0
285 1 0 0 0 0 0 1 0 0 0 0 0 0
288 2 0 0 0 0 0 0 0 0 1 0 0 0
293 2 0 0 0 0 0 0 0 0 1 1 0 0
361 3 1 1 0 0 0 0 0 0 0 0 0 0
363 2 1 1 1 0 0 0 0 0 0 0 0 0
fn=_dl_cet_setup_features
331 1 1 1 0 0 0 0 0 0 0 0 0 0
334 2 0 0 0 0 0 0 0 0 1 1 0 0
350 1 1 1 1 0 0 0 0 0 0 0 0 0
fl=/usr/src/debug/glibc/glibc/elf/../sysdeps/x86_64/dl-hwcaps-subdirs.c
fn=_dl_hwcaps_subdirs_active
29 1 1 1 0 0 0 0 0 0 0 0 0 0
51 4 0 0 0 0 0 0 0 0 0 0 0 0
52 1 0 0 1 0 0 0 0 0 0 0 0 0
fl=/usr/src/debug/glibc/glibc/elf/../sysdeps/x86_64/dl-irel.h
fn=_dl_fixup
32 3 0 0 0 0 0 3 0 0 0 0 3 3
fl=/usr/src/debug/glibc/glibc/elf/../sysdeps/x86_64/dl-machine.h
fn=_dl_fixup
223 3 0 0 0 0 0 3 0 0 0 0 0 0
fn=_dl_relocate_object_no_relro
78 8 1 1 2 0 0 0 0 0 2 1 0 0
84 4 0 0 3 1 0 0 0 0 1 1 0 0
88 3 0 0 1 1 1 0 0 0 1 0 0 0
94 1 0 0 0 0 0 1 0 0 0 0 0 0
103 2 0 0 0 0 0 0 0 0 1 0 0 0
126 2 0 0 1 1 0 1 0 0 0 0 0 0
262 288 0 0 0 0 0 0 0 0 138 0 0 0
269 288 0 0 0 0 0 0 0 0 144 0 0 0
273 288 1 1 0 0 0 0 0 0 144 0 0 0
282 1544 2 2 614 4 1 0 0 0 310 17 0 0
285 8 1 1 0 0 0 8 0 0 0 0 0 0
286 628 3 3 0 0 0 0 0 0 180 15 0 0
290 8 0 0 0 0 0 0 0 0 4 0 0 0
291 12 0 0 4 0 0 0 0 0 4 2 0 0
309 20 0 0 8 0 0 4 0 0 0 0 4 4
312 864 0 0 144 4 3 0 0 0 144 0 144 16
395 48 1 1 16 0 0 0 0 0 16 2 0 0
397 64 0 0 16 0 0 0 0 0 16 0 0 0
401 48 0 0 32 2 2 0 0 0 0 0 0 0
410 32 0 0 16 0 0 16 5 5 0 0 0 0
418 266 2 2 130 2 2 128 15 15 0 0 0 0
471 92 0 0 92 0 0 0 0 0 0 0 0 0
473 46 0 0 0 0 0 46 0 0 0 0 46 46
474 92 0 0 46 0 0 46 8 4 0 0 0 0
509 14 0 0 7 0 0 0 0 0 0 0 0 0
513 14 0 0 0 0 0 0 0 0 7 0 0 0
516 21 0 0 7 0 0 0 0 0 7 0 0 0
517 7 0 0 7 1 1 0 0 0 0 0 0 0
725 25 1 1 15 0 0 0 0 0 5 1 0 0
729 8 0 0 4 0 0 0 0 0 4 0 0 0
fn=_dl_start
55 2 0 0 0 0 0 0 0 0 0 0 0 0
273 3 0 0 0 0 0 0 0 0 1 0 0 0
282 10 1 1 4 1 1 0 0 0 2 0 0 0
286 4 0 0 0 0 0 0 0 0 1 0 0 0
312 4 0 0 0 0 0 0 0 0 2 1 0 0
fn=_dl_sysdep_start
209 1 0 0 0 0 0 1 0 0 0 0 0 0
fl=/usr/src/debug/glibc/glibc/elf/../sysdeps/x86_64/dl-runtime.h
fn=_dl_fixup
28 3 0 0 0 0 0 0 0 0 0 0 0 0
fl=/usr/src/debug/glibc/glibc/elf/./dl-find_object.h
fn=_dl_find_object_from_map
101 5 0 0 0 0 0 0 0 0 0 0 0 0
103 10 0 0 0 0 0 0 0 0 0 0 0 0
105 10 1 1 5 1 0 5 3 2 0 0 0 0
106 10 0 0 5 0 0 5 0 0 0 0 0 0
107 5 0 0 0 0 0 5 1 1 0 0 0 0
115 5 0 0 0 0 0 5 1 1 0 0 0 0
116 5 0 0 0 0 0 5 0 0 0 0 0 0
121 20 1 1 10 4 0 0 0 0 0 0 0 0
122 178 0 0 0 0 0 0 0 0 61 1 0 0
124 290 0 0 60 49 0 0 0 0 115 26 0 0
127 15 1 1 10 1 0 5 0 0 0 0 0 0
132 5 0 0 0 0 0 0 0 0 0 0 0 0
136 12 0 0 8 2 0 4 0 0 0 0 0 0
138 4 0 0 0 0 0 0 0 0 0 0 0 0
143 18 0 0 0 0 0 0 0 0 9 4 0 0
148 5 0 0 5 0 0 0 0 0 0 0 0 0
149 5 0 0 5 0 0 0 0 0 0 0 0 0
fl=/usr/src/debug/glibc/glibc/elf/./dl-hwcaps.h
fn=_dl_important_hwcaps
43 11 0 0 2 0 0 6 0 0 0 0 0 0
45 7 0 0 0 0 0 6 0 0 0 0 0 0
77 5 0 0 0 0 0 5 0 0 0 0 0 0
78 13 2 2 3 0 0 5 0 0 0 0 0 0
fl=/usr/src/debug/glibc/glibc/elf/./dl-load.h
fn=_dl_map_object_from_fd
91 24 1 1 12 0 0 0 0 0 12 3 0 0
92 10 2 2 6 0 0 0 0 0 2 0 0 0
93 10 0 0 2 0 0 0 0 0 2 0 0 0
94 6 0 0 2 0 0 0 0 0 0 0 0 0
96 8 0 0 0 0 0 2 0 0 0 0 0 0
fl=/usr/src/debug/glibc/glibc/elf/./dl-main.h
fn=dl_main
109 5 2 2 4 0 0 1 0 0 0 0 0 0
fl=/usr/src/debug/glibc/glibc/elf/./dl-map-segments.h
fn=_dl_map_object_from_fd
29 9 0 0 3 0 0 0 0 0 3 0 0 0
30 24 0 0 12 0 0 3 1 1 0 0 0 0
82 3 0 0 3 0 0 0 0 0 0 0 0 0
102 3 1 1 0 0 0 3 0 0 0 0 0 0
103 6 0 0 0 0 0 0 0 0 3 0 0 0
106 9 0 0 3 0 0 3 0 0 0 0 0 0
107 6 0 0 0 0 0 3 0 0 0 0 0 0
109 6 0 0 3 0 0 0 0 0 3 2 0 0
126 3 1 1 3 0 0 0 0 0 0 0 0 0
136 48 0 0 12 0 0 0 0 0 12 3 0 0
138 36 0 0 18 0 0 0 0 0 9 0 0 0
140 81 1 1 36 0 0 9 0 0 9 2 0 0
141 9 0 0 0 0 0 0 0 0 0 0 0 0
150 48 0 0 24 0 0 0 0 0 12 9 0 0
156 6 0 0 3 0 0 0 0 0 0 0 0 0
157 3 0 0 0 0 0 0 0 0 0 0 0 0
158 9 0 0 3 0 0 0 0 0 0 0 0 0
159 6 0 0 0 0 0 0 0 0 0 0 0 0
161 9 0 0 0 0 0 0 0 0 0 0 0 0
166 6 1 1 0 0 0 0 0 0 3 0 0 0
169 9 0 0 3 0 0 0 0 0 3 0 0 0
177 27 0 0 6 0 0 9 0 0 0 0 0 0
183 6 0 0 0 0 0 0 0 0 3 1 0 0
186 6 1 1 1 1 1 3 0 0 0 0 0 0
189 10 1 1 1 0 0 2 0 0 0 0 0 0
192 2 0 0 0 0 0 0 0 0 1 0 0 0
194 3 0 0 0 0 0 1 0 0 1 1 0 0
224 12 1 1 0 0 0 0 0 0 0 0 0 0
fl=/usr/src/debug/glibc/glibc/elf/./dl-sym-post.h
fn=lookup_malloc_symbol
41 8 0 0 0 0 0 0 0 0 4 0 0 0
53 12 0 0 4 0 0 0 0 0 4 0 0 0
fl=/usr/src/debug/glibc/glibc/elf/./dl-tls_block_align.h
fn=_dl_allocate_tls_storage
23 1 0 0 1 0 0 0 0 0 0 0 0 0
41 2 0 0 1 0 0 1 0 0 0 0 0 0
47 6 0 0 0 0 0 0 0 0 0 0 0 0
48 2 0 0 0 0 0 1 0 0 0 0 0 0
52 4 1 1 0 0 0 1 0 0 0 0 0 0
fl=/usr/src/debug/glibc/glibc/elf/./get-dynamic-info.h
fn=_dl_start
45 72 0 0 18 5 5 0 0 0 18 1 0 0
49 34 1 1 0 0 0 0 0 0 17 10 0 0
51 10 0 0 0 0 0 0 0 0 5 0 0 0
52 5 0 0 0 0 0 0 0 0 0 0 0 0
54 20 0 0 0 0 0 0 0 0 5 1 0 0
55 16 0 0 0 0 0 0 0 0 0 0 0 0
56 5 1 1 0 0 0 0 0 0 1 1 0 0
59 4 1 1 0 0 0 0 0 0 1 1 0 0
62 4 1 1 0 0 0 0 0 0 1 0 0 0
64 4 1 1 0 0 0 0 0 0 0 0 0 0
68 19 0 0 0 0 0 17 7 7 0 0 0 0
72 3 0 0 0 0 0 0 0 0 1 0 0 0
84 3 1 1 1 0 0 0 0 0 1 1 0 0
85 3 0 0 1 1 1 0 0 0 1 1 0 0
86 4 0 0 2 0 0 0 0 0 1 0 0 0
87 4 0 0 2 0 0 0 0 0 1 0 0 0
88 5 1 1 2 0 0 0 0 0 1 0 0 0
89 3 0 0 1 0 0 0 0 0 1 1 0 0
90 4 0 0 2 0 0 0 0 0 1 0 0 0
91 4 0 0 2 0 0 0 0 0 1 0 0 0
103 10 2 2 2 0 0 1 0 0 2 1 0 0
110 4 0 0 1 1 1 0 0 0 1 1 0 0
123 3 0 0 2 0 0 0 0 0 1 0 0 0
129 3 1 1 1 0 0 0 0 0 1 0 0 0
130 3 0 0 2 0 0 0 0 0 1 0 0 0
133 2 0 0 1 0 0 0 0 0 1 0 0 0
134 3 0 0 1 0 0 0 0 0 1 0 0 0
139 5 1 1 2 0 0 0 0 0 2 0 0 0
142 5 0 0 2 0 0 0 0 0 2 0 0 0
fn=dl_main
39 3 0 0 1 0 0 0 0 0 1 0 0 0
43 2 0 0 0 0 0 0 0 0 0 0 0 0
45 103 0 0 26 7 7 0 0 0 26 1 0 0
49 50 1 1 0 0 0 0 0 0 25 10 0 0
51 8 0 0 0 0 0 0 0 0 4 0 0 0
52 4 0 0 0 0 0 0 0 0 0 0 0 0
54 16 0 0 0 0 0 0 0 0 4 1 0 0
55 12 0 0 0 0 0 0 0 0 0 0 0 0
56 5 1 1 0 0 0 0 0 0 1 0 0 0
59 4 0 0 0 0 0 0 0 0 1 1 0 0
62 4 2 2 0 0 0 0 0 0 1 0 0 0
64 4 0 0 0 0 0 0 0 0 0 0 0 0
68 25 0 0 0 0 0 25 7 7 0 0 0 0
72 3 1 1 1 0 0 0 0 0 1 0 0 0
110 3 0 0 1 0 0 0 0 0 1 0 0 0
115 2 0 0 1 0 0 0 0 0 1 0 0 0
122 2 0 0 1 0 0 0 0 0 1 0 0 0
123 3 0 0 2 0 0 0 0 0 1 0 0 0
129 3 1 1 1 0 0 0 0 0 1 1 0 0
147 3 0 0 1 0 0 0 0 0 1 1 0 0
162 3 1 1 1 1 1 0 0 0 1 1 0 0
181 1 1 1 1 0 0 0 0 0 0 0 0 0
184 2 1 1 1 0 0 0 0 0 1 0 0 0
186 1 0 0 0 0 0 1 0 0 0 0 0 0
fl=/usr/src/debug/glibc/glibc/elf/./setup-vdso.h
fn=dl_main
24 2 1 1 1 0 0 0 0 0 1 1 0 0
fl=/usr/src/debug/glibc/glibc/elf/dl-audit.c
fn=_dl_audit_activity_map
29 1 1 1 0 0 0 0 0 0 0 0 0 0
31 4 2 2 2 0 0 0 0 0 1 1 0 0
fn=_dl_audit_activity_nsid
41 3 1 1 0 0 0 0 0 0 0 0 0 0
45 9 0 0 3 0 0 0 0 0 0 0 0 0
46 3 0 0 3 0 0 0 0 0 0 0 0 0
47 15 0 0 3 0 0 0 0 0 6 0 0 0
fn=_dl_audit_objclose
97 5 1 1 0 0 0 0 0 0 0 0 0 0
98 20 0 0 10 0 0 0 0 0 5 0 0 0
fn=_dl_audit_objopen
77 3 1 1 0 0 0 0 0 0 0 0 0 0
78 12 0 0 6 0 0 0 0 0 3 0 0 0
fn=_dl_audit_preinit
118 1 1 1 0 0 0 0 0 0 0 0 0 0
119 4 0 0 2 0 0 0 0 0 1 0 0 0
fl=/usr/src/debug/glibc/glibc/elf/dl-cache.c
fn=_dl_cache_libcmp
340 22 1 1 0 0 0 0 0 0 0 0 0 0
341 342 0 0 111 0 0 0 0 0 114 10 0 0
343 444 0 0 0 0 0 0 0 0 111 18 0 0
345 117 1 1 111 19 19 0 0 0 3 0 0 0
351 6 0 0 0 0 0 0 0 0 0 0 0 0
352 6 1 1 0 0 0 0 0 0 0 0 0 0
353 12 0 0 3 0 0 0 0 0 3 2 0 0
355 12 1 1 3 0 0 0 0 0 3 2 0 0
357 6 0 0 0 0 0 0 0 0 3 0 0 0
363 327 0 0 0 0 0 0 0 0 108 0 0 0
365 216 0 0 0 0 0 0 0 0 108 19 0 0
366 57 1 1 19 0 0 0 0 0 0 0 0 0
369 89 0 0 0 0 0 0 0 0 0 0 0 0
370 89 0 0 0 0 0 0 0 0 0 0 0 0
373 9 0 0 6 0 0 0 0 0 0 0 0 0
fn=_dl_load_cache_lookup
186 19 0 0 0 0 0 0 0 0 0 0 0 0
199 2 0 0 0 0 0 0 0 0 0 0 0 0
206 40 0 0 2 0 0 0 0 0 19 4 0 0
208 95 1 1 0 0 0 0 0 0 0 0 0 0
209 38 0 0 19 17 17 0 0 0 0 0 0 0
213 38 0 0 0 0 0 0 0 0 19 0 0 0
217 57 0 0 19 0 0 19 0 0 0 0 0 0
218 38 0 0 0 0 0 0 0 0 19 2 0 0
226 12 1 1 0 0 0 0 0 0 5 3 0 0
228 3 0 0 3 1 1 0 0 0 0 0 0 0
231 6 0 0 0 0 0 0 0 0 3 0 0 0
233 18 0 0 0 0 0 3 0 0 0 0 0 0
235 11 0 0 2 0 0 2 0 0 0 0 0 0
245 4 0 0 0 0 0 0 0 0 2 2 0 0
255 4 1 1 2 0 0 0 0 0 2 0 0 0
256 6 0 0 2 0 0 0 0 0 2 0 0 0
272 10 1 1 0 0 0 0 0 0 2 0 0 0
281 4 0 0 2 0 0 0 0 0 2 0 0 0
286 4 0 0 0 0 0 0 0 0 2 0 0 0
313 4 0 0 2 0 0 0 0 0 0 0 0 0
329 17 0 0 0 0 0 0 0 0 17 10 0 0
330 9 0 0 0 0 0 0 0 0 0 0 0 0
332 8 0 0 0 0 0 0 0 0 0 0 0 0
386 24 2 2 0 0 0 16 1 1 0 0 0 0
388 4 0 0 2 0 0 0 0 0 2 0 0 0
391 6 0 0 2 0 0 0 0 0 2 1 0 0
394 6 2 2 0 0 0 2 0 0 0 0 0 0
402 6 0 0 2 0 0 0 0 0 2 0 0 0
403 6 0 0 3 2 2 0 0 0 2 0 0 0
406 6 1 1 0 0 0 0 0 0 1 0 0 0
407 1 0 0 1 0 0 0 0 0 0 0 0 0
414 1 1 1 0 0 0 1 0 0 0 0 0 0
415 2 1 1 0 0 0 1 0 0 0 0 0 0
460 3 0 0 1 0 0 0 0 0 1 0 0 0
465 6 1 1 2 0 0 0 0 0 2 0 0 0
468 4 0 0 0 0 0 2 0 0 0 0 0 0
483 6 0 0 2 0 0 0 0 0 2 0 0 0
495 8 0 0 0 0 0 4 0 0 0 0 0 0
496 32 2 2 4 0 0 0 0 0 4 4 0 0
497 8 0 0 0 0 0 2 0 0 0 0 0 0
498 6 0 0 0 0 0 2 0 0 0 0 0 0
499 32 1 1 20 0 0 2 0 0 0 0 0 0
fn=_dl_unload_cache
508 2 1 1 0 0 0 0 0 0 0 0 0 0
509 4 1 1 1 1 0 0 0 0 1 1 0 0
511 2 0 0 1 0 0 1 0 0 0 0 0 0
512 1 0 0 0 0 0 1 0 0 0 0 0 0
516 1 0 0 0 0 0 1 0 0 0 0 0 0
518 2 0 0 1 0 0 0 0 0 0 0 0 0
fl=/usr/src/debug/glibc/glibc/elf/dl-call-libc-early-init.c
fn=_dl_call_libc_early_init
27 3 1 1 0 0 0 1 0 0 0 0 0 0
29 2 0 0 0 0 0 0 0 0 1 0 0 0
33 8 0 0 0 0 0 2 0 0 0 0 0 0
37 3 1 1 1 0 0 0 0 0 1 0 0 0
39 4 0 0 3 0 0 0 0 0 1 0 0 0
40 2 0 0 0 0 0 0 0 0 0 0 1 1
41 2 0 0 1 0 0 0 0 0 0 0 0 0
fl=/usr/src/debug/glibc/glibc/elf/dl-call_fini.c
fn=_dl_call_fini
24 20 1 0 0 0 0 5 0 0 0 0 0 0
28 10 1 1 5 0 0 0 0 0 5 0 0 0
32 5 0 0 5 0 0 0 0 0 0 0 0 0
34 5 0 0 5 0 0 0 0 0 0 0 0 0
35 10 0 0 0 0 0 0 0 0 5 2 0 0
38 18 1 1 6 0 0 3 0 0 0 0 0 0
39 6 0 0 6 1 0 0 0 0 0 0 0 0
42 27 0 0 6 0 0 3 0 0 7 1 0 0
43 4 0 0 4 1 0 4 0 0 0 0 4 4
47 5 0 0 5 0 0 0 0 0 0 0 0 0
48 10 0 0 0 0 0 0 0 0 5 2 0 0
49 9 0 0 6 0 0 0 0 0 0 0 3 3
50 12 1 1 7 0 0 0 0 0 0 0 0 0
fl=/usr/src/debug/glibc/glibc/elf/dl-catch.c
fn=_dl_catch_error
258 8 1 1 0 0 0 3 1 1 0 0 0 0
260 5 1 1 0 0 0 1 0 0 0 0 0 0
261 2 0 0 1 0 0 1 0 0 0 0 0 0
262 2 0 0 1 0 0 1 0 0 0 0 0 0
263 2 0 0 1 0 0 1 0 0 0 0 0 0
265 6 0 0 4 0 0 0 0 0 0 0 0 0
fn=_dl_catch_exception
58 18 0 0 6 1 1 0 0 0 6 3 0 0
59 12 1 1 6 1 1 6 0 0 0 0 0 0
69 18 0 0 12 0 0 0 0 0 6 0 0 0
70 30 0 0 6 0 0 12 0 0 0 0 0 0
208 36 1 1 0 0 0 24 2 2 0 0 0 0
211 12 0 0 0 0 0 0 0 0 6 0 0 0
232 6 1 1 0 0 0 6 2 2 0 0 0 0
233 12 0 0 0 0 0 6 0 0 0 0 0 0
239 36 1 1 0 0 0 6 0 0 6 0 0 0
241 24 0 0 12 0 0 12 0 0 0 0 6 2
243 24 0 0 6 0 0 12 0 0 0 0 0 0
252 18 0 0 12 0 0 0 0 0 0 0 0 0
fn=_dl_receive_error
58 2 1 1 1 0 0 0 0 0 1 0 0 0
59 1 0 0 1 0 0 0 0 0 0 0 0 0
69 2 0 0 1 0 0 0 0 0 1 0 0 0
70 2 0 0 0 0 0 2 0 0 0 0 0 0
190 4 1 1 0 0 0 2 0 0 0 0 0 0
192 1 0 0 1 0 0 0 0 0 0 0 0 0
196 1 0 0 0 0 0 1 0 0 0 0 0 0
198 2 0 0 0 0 0 1 0 0 0 0 1 1
201 1 0 0 0 0 0 1 0 0 0 0 0 0
202 4 1 1 3 0 0 0 0 0 0 0 0 0
fl=/usr/src/debug/glibc/glibc/elf/dl-debug.c
fn=_dl_debug_change_state
104 2 2 1 0 0 0 0 0 0 0 0 0 0
105 2 0 0 0 0 0 2 0 0 0 0 0 0
107 12 1 0 2 0 0 0 0 0 4 4 0 0
111 2 0 0 0 0 0 0 0 0 0 0 0 0
fn=_dl_debug_initialize
76 2 0 0 0 0 0 0 0 0 1 0 0 0
120 2 1 1 0 0 0 0 0 0 0 0 0 0
122 2 0 0 1 1 1 0 0 0 1 0 0 0
127 3 1 1 1 0 0 0 0 0 0 0 0 0
154 3 0 0 0 0 0 3 0 0 0 0 0 0
157 2 0 0 1 0 0 0 0 0 1 1 0 0
160 2 1 1 1 0 0 1 0 0 0 0 0 0
162 3 1 1 1 0 0 0 0 0 1 1 0 0
168 1 0 0 1 0 0 0 0 0 0 0 0 0
fn=_dl_debug_post_relocate
46 3 1 1 0 0 0 0 0 0 0 0 0 0
51 1 0 0 0 0 0 1 0 0 0 0 0 0
52 9 0 0 1 0 0 3 0 0 0 0 0 0
54 5 1 1 4 0 0 0 0 0 1 0 0 0
56 7 0 0 3 0 0 0 0 0 1 0 0 0
57 3 0 0 0 0 0 0 0 0 1 1 0 0
70 2 0 0 1 0 0 0 0 0 0 0 0 0
fn=_dl_debug_update
76 8 0 0 0 0 0 0 0 0 4 4 0 0
77 4 0 0 0 0 0 0 0 0 0 0 0 0
94 4 1 1 0 0 0 0 0 0 0 0 0 0
96 8 0 0 4 1 0 0 0 0 4 0 0 0
100 4 0 0 4 0 0 0 0 0 0 0 0 0
fl=/usr/src/debug/glibc/glibc/elf/dl-debug_state.c
fn=_dl_debug_state
28 2 2 1 0 0 0 0 0 0 0 0 0 0
29 2 0 0 2 0 0 0 0 0 0 0 0 0
fl=/usr/src/debug/glibc/glibc/elf/dl-deps.c
fn=_dl_map_object_deps
128 2 0 0 0 0 0 2 1 1 0 0 0 0
129 2 1 1 0 0 0 2 0 0 0 0 0 0
130 7 0 0 0 0 0 2 0 0 0 0 0 0
132 3 0 0 0 0 0 1 0 0 0 0 0 0
136 8 0 0 2 0 0 2 0 0 0 0 0 0
143 18 2 2 1 0 0 10 1 1 0 0 0 0
144 20 2 2 1 1 1 0 0 0 2 2 0 0
160 9 1 1 0 0 0 0 0 0 2 0 0 0
161 1 0 0 1 0 0 0 0 0 0 0 0 0
164 1 1 1 0 0 0 1 0 0 0 0 0 0
182 1 0 0 1 0 0 0 0 0 0 0 0 0
183 5 0 0 3 0 0 1 0 0 0 0 0 0
184 1 0 0 0 0 0 1 0 0 0 0 0 0
188 11 0 0 5 0 0 1 0 0 0 0 0 0
190 2 0 0 0 0 0 0 0 0 0 0 0 0
193 5 0 0 0 0 0 5 0 0 0 0 0 0
197 15 1 1 5 1 0 0 0 0 5 5 0 0
198 35 2 2 14 0 0 3 0 0 14 2 0 0
201 12 1 1 3 0 0 0 0 0 3 0 0 0
205 6 0 0 3 0 0 0 0 0 0 0 0 0
208 18 0 0 9 2 2 0 0 0 9 3 0 0
210 12 2 2 9 0 0 0 0 0 3 3 0 0
215 3 0 0 0 0 0 3 1 1 0 0 0 0
216 3 0 0 0 0 0 3 0 0 0 0 0 0
217 6 0 0 3 0 0 3 0 0 0 0 0 0
218 6 0 0 3 0 0 3 0 0 0 0 0 0
219 3 0 0 0 0 0 3 0 0 0 0 0 0
221 348 1 1 93 2 0 0 0 0 84 11 0 0
222 162 1 1 0 0 0 0 0 0 81 8 0 0
228 58 1 1 10 0 0 11 1 1 5 4 0 0
230 5 1 1 0 0 0 5 0 0 0 0 0 0
232 38 1 1 0 0 0 14 0 0 0 0 0 0
233 10 0 0 5 0 0 0 0 0 5 0 0 0
242 5 0 0 5 0 0 0 0 0 0 0 0 0
244 10 0 0 5 0 0 0 0 0 5 2 0 0
249 21 1 1 3 0 0 0 0 0 3 3 0 0
252 3 0 0 0 0 0 3 0 0 0 0 0 0
253 3 0 0 0 0 0 3 0 0 0 0 0 0
254 3 0 0 0 0 0 3 0 0 0 0 0 0
255 6 0 0 3 0 0 3 0 0 0 0 0 0
256 3 0 0 0 0 0 3 0 0 0 0 0 0
257 3 0 0 3 0 0 0 0 0 0 0 0 0
259 12 1 1 3 0 0 3 0 0 0 0 0 0
263 15 0 0 5 0 0 0 0 0 5 2 0 0
264 9 0 0 0 0 0 3 0 0 0 0 0 0
266 228 1 1 0 0 0 0 0 0 76 5 0 0
409 1 1 1 0 0 0 1 0 0 0 0 0 0
417 10 1 1 0 0 0 0 0 0 5 2 0 0
419 12 0 0 0 0 0 6 0 0 0 0 0 0
422 12 0 0 0 0 0 6 0 0 0 0 0 0
423 15 1 1 9 0 0 0 0 0 3 0 0 0
429 3 0 0 0 0 0 3 2 2 0 0 0 0
430 15 0 0 0 0 0 9 0 0 0 0 0 0
431 18 0 0 3 0 0 3 0 0 0 0 0 0
434 3 0 0 0 0 0 3 0 0 0 0 0 0
435 6 0 0 6 0 0 0 0 0 0 0 0 0
439 15 1 1 5 0 0 0 0 0 5 5 0 0
441 5 0 0 5 0 0 0 0 0 0 0 0 0
442 22 0 0 4 0 0 0 0 0 9 8 0 0
448 5 0 0 1 0 0 0 0 0 1 0 0 0
449 1 0 0 0 0 0 1 0 0 0 0 0 0
452 4 1 1 1 0 0 1 0 0 1 1 0 0
463 3 0 0 1 0 0 0 0 0 0 0 0 0
465 2 1 1 0 0 0 0 0 0 1 0 0 0
470 5 0 0 2 0 0 1 0 0 0 0 0 0
471 1 0 0 0 0 0 1 0 0 0 0 0 0
472 2 0 0 0 0 0 0 0 0 0 0 0 0
474 18 0 0 5 0 0 0 0 0 6 3 0 0
478 5 1 1 5 0 0 0 0 0 0 0 0 0
484 10 0 0 0 0 0 0 0 0 0 0 0 0
485 14 0 0 0 0 0 5 2 2 0 0 0 0
490 5 0 0 5 0 0 0 0 0 0 0 0 0
494 2 0 0 0 0 0 0 0 0 0 0 0 0
495 3 0 0 1 0 0 0 0 0 1 1 0 0
532 2 1 1 0 0 0 0 0 0 1 0 0 0
533 2 0 0 0 0 0 0 0 0 1 1 0 0
547 5 0 0 1 0 0 1 0 0 0 0 0 0
552 9 1 1 1 0 0 2 0 0 0 0 0 0
553 2 1 1 2 0 0 0 0 0 0 0 0 0
557 2 0 0 0 0 0 1 0 0 0 0 0 0
559 1 0 0 0 0 0 1 0 0 0 0 0 0
560 1 0 0 1 0 0 0 0 0 0 0 0 0
561 3 0 0 1 0 0 0 0 0 1 1 0 0
568 3 0 0 1 0 0 0 0 0 1 1 0 0
571 3 0 0 1 0 0 0 0 0 1 0 0 0
574 10 0 0 8 0 0 0 0 0 0 0 0 0
fn=openaux
61 15 1 1 0 0 0 5 0 0 0 0 0 0
64 55 0 0 20 0 0 10 1 1 0 0 0 0
65 5 0 0 5 0 0 0 0 0 0 0 0 0
68 5 0 0 5 0 0 0 0 0 0 0 0 0
69 10 0 0 10 0 0 0 0 0 0 0 0 0
fl=/usr/src/debug/glibc/glibc/elf/dl-environ.c
fn=_dl_next_ld_env_entry
28 2 1 1 0 0 0 0 0 0 0 0 0 0
29 2 0 0 2 0 0 0 0 0 0 0 0 0
32 223 0 0 75 0 0 0 0 0 74 1 0 0
34 146 0 0 73 0 0 0 0 0 73 25 0 0
35 26 0 0 13 0 0 0 0 0 13 5 0 0
37 1 0 0 0 0 0 0 0 0 0 0 0 0
40 2 1 1 0 0 0 1 0 0 0 0 0 0
42 1 0 0 1 0 0 0 0 0 0 0 0 0
45 72 0 0 0 0 0 0 0 0 0 0 0 0
fl=/usr/src/debug/glibc/glibc/elf/dl-execstack-tunable.c
fn=_dl_handle_execstack_tunable
24 2 1 1 0 0 0 0 0 0 0 0 0 0
25 9 0 0 1 0 0 1 0 0 2 0 0 0
39 2 0 0 1 0 0 0 0 0 0 0 0 0
fl=/usr/src/debug/glibc/glibc/elf/dl-find_object.c
fn=_dl_find_object_init
578 3 1 1 0 0 0 1 0 0 0 0 0 0
581 1 0 0 1 1 0 0 0 0 0 0 0 0
583 2 0 0 1 0 0 0 0 0 1 1 0 0
584 3 2 2 0 0 0 1 0 0 0 0 0 0
596 2 0 0 0 0 0 1 0 0 0 0 0 0
597 4 1 1 1 0 0 1 0 0 0 0 0 0
599 2 0 0 0 0 0 0 0 0 1 0 0 0
602 3 0 0 0 0 0 1 0 0 1 0 0 0
607 1 0 0 0 0 0 1 0 0 0 0 0 0
608 1 0 0 0 0 0 1 0 0 0 0 0 0
611 4 1 1 2 0 0 0 0 0 1 1 0 0
613 1 0 0 0 0 0 1 0 0 0 0 0 0
616 6 1 1 3 0 0 1 0 0 0 0 0 0
618 1 0 0 0 0 0 0 0 0 0 0 0 0
621 3 0 0 2 0 0 0 0 0 0 0 0 0
fn=_dlfo_process_initial
505 18 0 0 0 0 0 12 0 0 0 0 0 0
506 2 0 0 2 0 0 0 0 0 0 0 0 0
508 2 0 0 0 0 0 0 0 0 0 0 0 0
509 4 1 1 2 0 0 0 0 0 2 0 0 0
513 6 0 0 0 0 0 0 0 0 0 0 0 0
514 22 1 1 4 1 0 0 0 0 4 0 0 0
515 26 1 1 2 0 0 0 0 0 12 4 0 0
516 10 0 0 10 1 0 0 0 0 0 0 0 0
518 36 0 0 8 0 0 0 0 0 18 2 0 0
521 32 0 0 8 0 0 0 0 0 8 5 0 0
524 34 1 1 8 0 0 0 0 0 8 1 0 0
529 24 1 1 8 1 0 0 0 0 8 5 0 0
531 12 0 0 0 0 0 4 0 0 0 0 0 0
532 4 0 0 0 0 0 0 0 0 0 0 0 0
533 16 0 0 0 0 0 0 0 0 0 0 0 0
546 2 0 0 0 0 0 2 0 0 0 0 0 0
548 20 0 0 14 0 0 0 0 0 0 0 0 0
fn=_dlfo_sort_mappings
553 8 2 2 0 0 0 3 0 0 0 0 0 0
554 2 0 0 0 0 0 0 0 0 1 0 0 0
557 13 0 0 0 0 0 0 0 0 3 2 0 0
561 6 0 0 3 0 0 0 0 0 0 0 0 0
562 45 0 0 0 0 0 0 0 0 9 3 0 0
563 12 1 1 6 0 0 0 0 0 0 0 0 0
565 12 0 0 0 0 0 0 0 0 0 0 0 0
570 18 0 0 12 0 0 0 0 0 0 0 0 0
571 12 1 1 6 0 0 6 0 0 0 0 0 0
572 12 0 0 0 0 0 12 0 0 0 0 0 0
574 4 0 0 4 0 0 0 0 0 0 0 0 0
fl=/usr/src/debug/glibc/glibc/elf/dl-fini.c
fn=_dl_fini
26 10 1 1 0 0 0 7 0 0 0 0 0 0
43 1 0 0 0 0 0 0 0 0 0 0 0 0
46 14 1 1 1 0 0 1 0 0 2 0 0 0
49 2 0 0 2 0 0 1 0 0 0 0 1 1
51 1 0 0 1 0 0 0 0 0 0 0 0 0
54 2 1 1 0 0 0 0 0 0 1 0 0 0
56 5 0 0 2 0 0 0 0 0 1 1 0 0
61 1 0 0 0 0 0 1 0 0 0 0 0 0
63 4 1 1 0 0 0 2 0 0 0 0 0 0
68 17 2 2 2 0 0 0 0 0 2 1 0 0
72 1 0 0 0 0 0 0 0 0 0 0 0 0
74 19 0 0 6 1 0 0 0 0 6 5 0 0
76 10 0 0 5 0 0 0 0 0 5 0 0 0
78 10 0 0 0 0 0 0 0 0 5 0 0 0
80 10 0 0 0 0 0 5 0 0 0 0 0 0
81 5 1 1 0 0 0 5 2 1 0 0 0 0
82 5 0 0 0 0 0 0 0 0 0 0 0 0
86 5 0 0 5 0 0 0 0 0 0 0 0 0
93 6 0 0 0 0 0 0 0 0 1 0 0 0
94 6 0 0 0 0 0 0 0 0 1 1 0 0
100 6 1 1 0 0 0 3 0 0 0 0 0 0
109 2 0 0 2 0 0 1 0 0 0 0 1 1
114 33 0 0 12 0 0 0 0 0 6 3 0 0
116 5 1 1 5 0 0 0 0 0 0 0 0 0
118 10 0 0 5 0 0 0 0 0 5 3 0 0
120 20 1 1 0 0 0 15 0 0 0 0 0 0
123 10 0 0 0 0 0 5 0 0 0 0 0 0
128 5 0 0 5 0 0 0 0 0 0 0 0 0
131 2 0 0 0 0 0 0 0 0 1 1 0 0
135 5 0 0 1 0 0 1 0 0 0 0 0 0
141 6 1 1 2 0 0 1 0 0 2 1 0 0
143 1 0 0 0 0 0 0 0 0 0 0 0 0
147 2 0 0 1 0 0 0 0 0 1 1 0 0
154 8 0 0 7 0 0 0 0 0 0 0 0 0
fl=/usr/src/debug/glibc/glibc/elf/dl-hwcaps.c
fn=_dl_important_hwcaps
51 16 1 1 0 0 0 4 0 0 4 2 0 0
53 2 0 0 0 0 0 0 0 0 0 0 0 0
54 4 0 0 2 0 0 0 0 0 0 0 0 0
56 4 0 0 0 0 0 0 0 0 0 0 0 0
76 16 3 3 0 0 0 4 0 0 4 2 0 0
78 3 1 1 0 0 0 3 0 0 0 0 0 0
79 16 1 1 4 0 0 6 1 1 0 0 0 0
83 2 0 0 0 0 0 2 0 0 0 0 0 0
85 6 0 0 2 0 0 2 0 0 0 0 0 0
86 2 0 0 0 0 0 0 0 0 0 0 0 0
87 2 0 0 0 0 0 0 0 0 0 0 0 0
99 4 0 0 0 0 0 2 0 0 0 0 0 0
101 2 0 0 0 0 0 0 0 0 1 0 0 0
104 1 0 0 0 0 0 1 0 0 0 0 0 0
107 1 0 0 0 0 0 0 0 0 0 0 0 0
111 4 1 1 0 0 0 1 0 0 1 0 0 0
124 12 1 1 0 0 0 3 0 0 3 2 0 0
126 10 0 0 4 0 0 2 1 1 0 0 0 0
127 4 0 0 2 0 0 2 0 0 0 0 0 0
128 4 0 0 0 0 0 2 0 0 0 0 0 0
129 2 0 0 0 0 0 0 0 0 0 0 0 0
132 2 0 0 0 0 0 0 0 0 1 0 0 0
141 10 0 0 6 0 0 0 0 0 2 0 0 0
142 11 1 1 2 0 0 0 0 0 1 0 0 0
144 10 1 1 1 0 0 6 0 0 0 0 0 0
150 4 1 1 2 0 0 0 0 0 0 0 0 0
154 5 0 0 2 0 0 1 0 0 0 0 0 0
155 2 0 0 0 0 0 0 0 0 1 0 0 0
156 3 0 0 0 0 0 0 0 0 1 0 0 0
161 3 0 0 1 0 0 1 0 0 0 0 0 0
162 2 0 0 0 0 0 2 0 0 0 0 0 0
171 13 2 2 0 0 0 10 1 1 0 0 0 0
173 2 0 0 0 0 0 1 0 0 0 0 0 0
174 3 0 0 0 0 0 0 0 0 0 0 0 0
184 2 0 0 0 0 0 1 0 0 0 0 0 0
185 2 1 1 0 0 0 0 0 0 0 0 0 0
188 3 0 0 1 0 0 1 1 1 0 0 0 0
192 2 0 0 1 0 0 0 0 0 0 0 0 0
193 2 0 0 0 0 0 0 0 0 1 0 0 0
200 1 0 0 0 0 0 0 0 0 0 0 0 0
201 4 0 0 2 0 0 0 0 0 0 0 0 0
208 1 0 0 0 0 0 1 0 0 0 0 0 0
212 3 0 0 2 0 0 1 0 0 0 0 0 0
215 9 0 0 7 0 0 0 0 0 0 0 0 0
fl=/usr/src/debug/glibc/glibc/elf/dl-hwcaps_split.c
fn=_dl_hwcaps_contains
66 6 1 1 0 0 0 0 0 0 0 0 0 0
67 12 0 0 0 0 0 0 0 0 6 4 0 0
68 6 1 1 0 0 0 0 0 0 0 0 0 0
77 6 0 0 6 0 0 0 0 0 0 0 0 0
fn=_dl_hwcaps_split
25 2 0 0 0 0 0 0 0 0 0 0 0 0
26 3 0 0 1 0 0 0 0 0 1 1 0 0
27 1 0 0 0 0 0 0 0 0 0 0 0 0
47 1 0 0 1 0 0 0 0 0 0 0 0 0
fn=_dl_hwcaps_split_masked
26 42 0 0 14 0 0 0 0 0 14 2 0 0
30 24 0 0 12 0 0 12 0 0 0 0 0 0
34 78 0 0 18 1 1 0 0 0 18 5 0 0
35 12 0 0 0 0 0 6 0 0 0 0 0 0
36 24 1 1 0 0 0 0 0 0 12 3 0 0
41 27 0 0 0 0 0 9 0 0 0 0 0 0
42 18 0 0 0 0 0 0 0 0 9 2 0 0
43 9 0 0 0 0 0 3 0 0 0 0 0 0
45 6 0 0 0 0 0 0 0 0 0 0 0 0
51 55 1 1 0 0 0 22 0 0 0 0 0 0
55 5 1 1 0 0 0 0 0 0 0 0 0 0
56 18 0 0 9 0 0 9 0 0 0 0 0 0
57 27 0 0 0 0 0 9 0 0 0 0 0 0
58 54 0 0 6 0 0 6 0 0 15 6 0 0
62 44 0 0 33 0 0 0 0 0 0 0 0 0
fl=/usr/src/debug/glibc/glibc/elf/dl-init.c
fn=_dl_init
29 12 1 1 6 0 0 0 0 0 6 1 0 0
35 30 2 2 6 0 0 0 0 0 6 0 0 0
37 16 0 0 0 0 0 1 0 0 6 1 0 0
43 15 0 0 1 0 0 1 0 0 0 0 0 0
81 11 2 2 0 0 0 5 0 0 0 0 0 0
82 1 0 0 1 1 0 0 0 0 0 0 0 0
83 1 0 0 1 0 0 0 0 0 0 0 0 0
86 3 0 0 1 0 0 0 0 0 1 1 0 0
89 2 0 0 0 0 0 1 0 0 0 0 0 0
94 4 0 0 0 0 0 0 0 0 1 0 0 0
119 1 0 0 1 0 0 0 0 0 0 0 0 0
120 24 1 1 0 0 0 4 0 0 6 4 0 0
121 10 0 0 10 0 0 0 0 0 0 0 0 0
127 7 1 1 6 0 0 0 0 0 0 0 0 0
fn=call_init.part.0
26 45 1 1 0 0 0 20 1 0 0 0 0 0
43 15 0 0 5 0 0 5 0 0 0 0 0 0
46 15 0 0 10 2 0 0 0 0 5 1 0 0
47 2 0 0 0 0 0 0 0 0 1 1 0 0
51 8 1 1 4 0 0 0 0 0 4 0 0 0
59 12 0 0 4 3 0 0 0 0 4 2 0 0
60 12 0 0 4 2 0 2 0 0 0 0 2 2
63 4 0 0 4 2 0 0 0 0 0 0 0 0
64 8 0 0 0 0 0 0 0 0 4 1 0 0
70 9 1 1 6 2 0 0 0 0 0 0 0 0
72 23 0 0 6 0 0 3 0 0 0 0 0 0
73 24 1 1 3 0 0 0 0 0 8 3 0 0
74 20 0 0 5 1 0 5 0 0 0 0 5 5
76 30 0 0 25 0 0 0 0 0 0 0 0 0
fl=/usr/src/debug/glibc/glibc/elf/dl-load.c
fn=_dl_dst_count
228 15 1 1 0 0 0 5 0 0 0 0 0 0
231 10 0 0 0 0 0 5 1 1 0 0 0 0
234 10 0 0 0 0 0 0 0 0 5 0 0 0
235 5 0 0 0 0 0 0 0 0 0 0 0 0
254 20 0 0 10 0 0 0 0 0 0 0 0 0
fn=_dl_dst_substitute
266 11 2 2 0 0 0 6 0 0 0 0 0 0
273 1 0 0 0 0 0 0 0 0 0 0 0 0
275 1 0 0 0 0 0 0 0 0 0 0 0 0
279 5 0 0 1 0 0 0 0 0 1 0 0 0
284 1 0 0 0 0 0 0 0 0 0 0 0 0
285 6 1 1 0 0 0 1 0 0 1 0 0 0
307 3 0 0 1 0 0 0 0 0 1 0 0 0
312 1 0 0 1 0 0 0 0 0 0 0 0 0
314 1 0 0 0 0 0 0 0 0 0 0 0 0
322 3 0 0 0 0 0 0 0 0 1 1 0 0
324 4 1 1 0 0 0 2 0 0 0 0 0 0
325 2 0 0 1 0 0 0 0 0 0 0 0 0
344 3 0 0 1 0 0 0 0 0 1 1 0 0
355 2 1 1 0 0 0 0 0 0 1 0 0 0
362 1 0 0 0 0 0 1 0 0 0 0 0 0
364 1 0 0 0 0 0 0 0 0 0 0 0 0
365 9 0 0 7 0 0 0 0 0 0 0 0 0
fn=_dl_init_paths
680 11 2 2 0 0 0 5 0 0 0 0 0 0
694 4 0 0 0 0 0 2 0 0 0 0 0 0
699 1 0 0 0 0 0 1 1 1 0 0 0 0
701 2 0 0 0 0 0 0 0 0 1 0 0 0
709 1 1 1 1 0 0 0 0 0 0 0 0 0
713 8 0 0 0 0 0 1 1 1 0 0 0 0
715 4 0 0 2 0 0 0 0 0 1 0 0 0
721 1 0 0 0 0 0 1 0 0 0 0 0 0
722 1 0 0 0 0 0 1 0 0 0 0 0 0
730 1 0 0 0 0 0 1 0 0 0 0 0 0
732 3 0 0 0 0 0 1 0 0 0 0 0 0
735 2 0 0 0 0 0 1 0 0 0 0 0 0
736 1 0 0 0 0 0 1 0 0 0 0 0 0
741 3 1 1 1 0 0 0 0 0 1 0 0 0
742 4 1 1 0 0 0 1 0 0 0 0 0 0
744 1 0 0 0 0 0 1 0 0 0 0 0 0
750 1 0 0 0 0 0 1 0 0 0 0 0 0
751 1 0 0 0 0 0 1 0 0 0 0 0 0
756 1 0 0 1 0 0 0 0 0 0 0 0 0
759 3 0 0 0 0 0 0 0 0 0 0 0 0
761 4 1 1 1 0 0 0 0 0 1 0 0 0
763 3 0 0 1 0 0 0 0 0 1 0 0 0
767 4 1 1 0 0 0 1 0 0 0 0 0 0
768 5 0 0 3 0 0 0 0 0 1 0 0 0
769 2 0 0 1 0 0 0 0 0 0 0 0 0
773 1 0 0 0 0 0 1 0 0 0 0 0 0
776 1 0 0 0 0 0 1 0 0 0 0 0 0
799 2 0 0 0 0 0 0 0 0 1 1 0 0
830 1 0 0 0 0 0 1 0 0 0 0 0 0
831 7 1 1 6 0 0 0 0 0 0 0 0 0
fn=_dl_lookup_map
1898 24 1 1 0 0 0 12 1 1 0 0 0 0
1899 12 0 0 0 0 0 0 0 0 6 0 0 0
1900 12 0 0 6 1 1 0 0 0 6 0 0 0
1903 81 0 0 21 0 0 0 0 0 21 5 0 0
1908 126 1 1 36 0 0 0 0 0 18 0 0 0
1910 90 0 0 0 0 0 18 0 0 18 3 0 0
1912 42 0 0 15 0 0 0 0 0 21 0 0 0
1913 30 0 0 0 0 0 12 0 0 6 5 0 0
1926 30 1 1 18 0 0 0 0 0 0 0 0 0
fn=_dl_map_new_object
656 6 1 1 2 0 0 0 0 0 2 0 0 0
659 4 0 0 0 0 0 0 0 0 2 0 0 0
1933 42 1 1 0 0 0 24 4 4 0 0 0 0
1935 3 0 0 0 0 0 3 0 0 0 0 0 0
1943 6 0 0 3 0 0 0 0 0 3 3 0 0
1950 3 0 0 0 0 0 3 0 0 0 0 0 0
1955 9 1 1 3 0 0 0 0 0 3 0 0 0
1969 15 0 0 0 0 0 3 0 0 3 2 0 0
1973 8 1 1 0 0 0 4 0 0 0 0 0 0
1975 4 0 0 2 0 0 0 0 0 2 0 0 0
1982 8 1 1 2 0 0 0 0 0 4 0 0 0
2032 4 0 0 2 0 0 0 0 0 2 2 0 0
2040 2 0 0 0 0 0 0 0 0 0 0 0 0
2042 30 1 1 2 0 0 8 1 1 0 0 0 0
2047 4 0 0 0 0 0 0 0 0 2 2 0 0
2048 4 1 1 0 0 0 0 0 0 2 0 0 0
2050 6 1 1 2 0 0 0 0 0 2 0 0 0
2054 6 0 0 0 0 0 2 0 0 0 0 0 0
2056 4 0 0 0 0 0 0 0 0 2 0 0 0
2060 4 0 0 0 0 0 0 0 0 2 1 0 0
2068 4 0 0 2 0 0 0 0 0 2 0 0 0
2091 18 1 1 0 0 0 2 0 0 0 0 0 0
2095 4 0 0 0 0 0 0 0 0 2 0 0 0
2096 2 0 0 0 0 0 2 0 0 0 0 0 0
2113 4 0 0 2 0 0 0 0 0 2 2 0 0
2120 4 0 0 0 0 0 1 0 0 0 0 0 0
2121 2 0 0 0 0 0 0 0 0 1 0 0 0
2122 2 1 1 0 0 0 0 0 0 1 0 0 0
2126 9 0 0 0 0 0 1 0 0 0 0 0 0
2129 2 0 0 0 0 0 0 0 0 1 0 0 0
2141 9 0 0 0 0 0 0 0 0 0 0 0 0
2187 36 1 1 9 0 0 15 0 0 0 0 0 0
2189 24 0 0 21 0 0 0 0 0 0 0 0 0
fn=_dl_map_object
2194 72 1 1 0 0 0 30 1 1 0 0 0 0
2195 18 1 1 0 0 0 12 1 1 0 0 0 0
2196 18 0 0 6 0 0 0 0 0 6 3 0 0
2198 18 1 1 0 0 0 0 0 0 0 0 0 0
2199 39 0 0 33 0 0 0 0 0 0 0 0 0
fn=_dl_map_object_from_fd
948 75 3 3 15 0 0 48 3 3 0 0 0 0
963 9 0 0 0 0 0 3 0 0 3 3 0 0
966 3 1 1 0 0 0 0 0 0 0 0 0 0
999 48 0 0 21 0 0 0 0 0 12 6 0 0
1000 18 1 1 9 0 0 0 0 0 9 0 0 0
1018 6 1 1 3 0 0 0 0 0 3 3 0 0
1048 12 1 1 3 0 0 3 0 0 3 0 0 0
1058 6 0 0 3 0 0 0 0 0 3 0 0 0
1065 24 1 1 12 0 0 3 0 0 0 0 0 0
1066 6 0 0 0 0 0 0 0 0 3 0 0 0
1077 9 0 0 6 0 0 3 1 1 0 0 0 0
1078 18 0 0 12 0 0 3 0 0 0 0 0 0
1079 6 0 0 3 0 0 3 0 0 0 0 0 0
1081 3 0 0 0 0 0 0 0 0 0 0 0 0
1082 12 1 1 6 0 0 0 0 0 3 1 0 0
1083 4 0 0 0 0 0 2 0 0 0 0 0 0
1086 16 2 2 1 0 0 1 0 0 2 2 0 0
1087 6 0 0 1 0 0 1 0 0 1 1 0 0
1098 3 1 1 0 0 0 3 0 0 0 0 0 0
1100 3 0 0 0 0 0 3 0 0 0 0 0 0
1102 54 1 1 6 0 0 6 0 0 6 3 0 0
1103 3 0 0 0 0 0 0 0 0 0 0 0 0
1104 3 0 0 0 0 0 3 0 0 0 0 0 0
1105 3 0 0 0 0 0 3 0 0 0 0 0 0
1106 3 0 0 0 0 0 0 0 0 0 0 0 0
1112 135 1 1 3 0 0 0 0 0 43 0 0 0
1113 345 2 2 40 14 14 0 0 0 172 39 0 0
1119 6 1 1 3 1 1 0 0 0 3 0 0 0
1126 7 0 0 4 0 0 3 0 0 0 0 0 0
1127 9 0 0 3 1 1 3 0 0 0 0 0 0
1128 30 1 1 6 0 0 3 0 0 0 0 0 0
1133 2 0 0 1 0 0 1 0 0 0 0 0 0
1134 1 0 0 0 0 0 0 0 0 0 0 0 0
1139 78 1 1 27 4 4 0 0 0 12 2 0 0
1147 36 0 0 0 0 0 0 0 0 0 0 0 0
1148 54 0 0 12 0 0 12 3 3 0 0 0 0
1149 72 0 0 12 2 2 12 0 0 0 0 0 0
1150 12 0 0 0 0 0 12 0 0 0 0 0 0
1151 24 0 0 12 0 0 12 4 4 0 0 0 0
1153 72 1 1 12 0 0 0 0 0 0 0 0 0
1155 24 0 0 0 0 0 12 0 0 0 0 0 0
1168 51 0 0 18 0 0 0 0 0 12 3 0 0
1173 12 0 0 0 0 0 0 0 0 0 0 0 0
1177 3 1 1 1 0 0 0 0 0 1 0 0 0
1181 3 0 0 0 0 0 1 1 1 0 0 0 0
1182 1 0 0 1 0 0 0 0 0 0 0 0 0
1186 5 0 0 0 0 0 1 0 0 0 0 0 0
1187 2 1 1 1 0 0 1 0 0 0 0 0 0
1190 1 0 0 0 0 0 1 1 1 0 0 0 0
1195 4 0 0 1 0 0 0 0 0 1 1 0 0
1211 3 0 0 0 0 0 0 0 0 0 0 0 0
1214 9 0 0 6 1 1 3 0 0 0 0 0 0
1219 9 0 0 0 0 0 0 0 0 3 0 0 0
1229 51 1 1 0 0 0 0 0 0 12 6 0 0
1230 24 0 0 0 0 0 12 0 0 0 0 0 0
1236 6 0 0 3 0 0 0 0 0 3 0 0 0
1246 12 1 1 6 0 0 0 0 0 6 0 0 0
1253 21 1 1 12 0 0 3 0 0 0 0 0 0
1269 12 1 1 6 0 0 0 0 0 3 0 0 0
1270 6 0 0 3 0 0 3 0 0 0 0 0 0
1276 6 0 0 0 0 0 0 0 0 0 0 0 0
1277 6 0 0 0 0 0 0 0 0 3 2 0 0
1279 6 0 0 0 0 0 0 0 0 3 2 0 0
1289 9 1 1 3 0 0 0 0 0 3 0 0 0
1308 6 0 0 3 0 0 3 0 0 0 0 0 0
1310 12 0 0 6 0 0 0 0 0 3 0 0 0
1330 9 0 0 3 2 2 0 0 0 3 3 0 0
1331 2 0 0 1 0 0 1 0 0 0 0 0 0
1337 104 1 1 9 0 0 0 0 0 43 3 0 0
1338 184 1 1 40 34 34 0 0 0 72 26 0 0
1344 52 0 0 0 0 0 3 0 0 0 0 0 0
1349 12 1 1 3 0 0 3 0 0 3 0 0 0
1362 6 0 0 3 0 0 0 0 0 3 0 0 0
1364 12 0 0 6 0 0 3 0 0 0 0 0 0
1366 6 0 0 3 0 0 0 0 0 3 0 0 0
1382 6 1 1 0 0 0 3 0 0 0 0 0 0
1386 6 0 0 3 0 0 0 0 0 3 0 0 0
1387 6 0 0 3 0 0 0 0 0 3 0 0 0
1404 6 0 0 3 0 0 0 0 0 3 2 0 0
1405 1 0 0 0 0 0 1 0 0 0 0 0 0
1408 12 1 1 6 0 0 6 0 0 0 0 0 0
1413 6 0 0 3 0 0 0 0 0 3 0 0 0
1418 6 0 0 3 0 0 0 0 0 3 0 0 0
1428 12 1 1 6 0 0 0 0 0 3 2 0 0
1429 14 0 0 0 0 0 2 0 0 4 1 0 0
1430 3 1 1 1 0 0 1 0 0 0 0 0 0
1436 6 0 0 3 0 0 0 0 0 3 2 0 0
1437 4 0 0 1 0 0 0 0 0 1 0 0 0
1442 2 0 0 0 0 0 1 0 0 0 0 0 0
1449 12 0 0 3 0 0 3 0 0 0 0 0 0
1452 9 1 1 3 0 0 0 0 0 3 0 0 0
1455 12 0 0 0 0 0 3 0 0 0 0 0 0
1458 33 1 1 24 0 0 0 0 0 0 0 0 0
fn=_dl_notify_new_object
908 24 1 1 0 0 0 12 0 0 0 0 0 0
910 9 0 0 0 0 0 3 0 0 0 0 0 0
911 9 1 1 3 0 0 0 0 0 3 3 0 0
928 6 1 1 0 0 0 0 0 0 3 3 0 0
932 15 0 0 9 0 0 0 0 0 3 2 0 0
933 9 0 0 0 0 0 0 0 0 0 0 0 0
935 15 0 0 12 0 0 0 0 0 0 0 0 0
fn=_dl_process_pt_gnu_property
842 4 1 1 0 0 0 0 0 0 0 0 0 0
843 12 0 0 8 0 0 0 0 0 0 0 0 0
844 4 0 0 4 0 0 0 0 0 0 0 0 0
850 8 0 0 4 0 0 0 0 0 4 0 0 0
856 20 1 1 0 0 0 0 0 0 4 0 0 0
859 12 1 1 4 4 4 0 0 0 4 0 0 0
860 8 0 0 4 1 1 0 0 0 4 0 0 0
861 8 0 0 4 0 0 0 0 0 4 0 0 0
864 12 1 1 4 0 0 0 0 0 4 0 0 0
865 12 0 0 0 0 0 0 0 0 4 0 0 0
869 4 0 0 0 0 0 0 0 0 0 0 0 0
870 8 0 0 0 0 0 0 0 0 0 0 0 0
874 14 1 1 7 0 0 0 0 0 0 0 0 0
875 7 0 0 7 0 0 0 0 0 0 0 0 0
878 14 0 0 0 0 0 0 0 0 7 0 0 0
881 7 0 0 0 0 0 0 0 0 0 0 0 0
882 21 0 0 0 0 0 0 0 0 7 0 0 0
888 2 0 0 0 0 0 0 0 0 1 1 0 0
892 9 0 0 0 0 0 0 0 0 0 0 0 0
894 12 0 0 0 0 0 0 0 0 3 0 0 0
904 1 0 0 1 0 0 0 0 0 0 0 0 0
fn=decompose_rpath
554 6 1 1 0 0 0 2 0 0 0 0 0 0
556 1 0 0 1 0 0 0 0 0 0 0 0 0
565 3 0 0 1 0 0 0 0 0 1 0 0 0
596 2 0 0 1 1 1 0 0 0 1 1 0 0
603 5 0 0 0 0 0 3 0 0 0 0 0 0
604 2 0 0 0 0 0 0 0 0 1 0 0 0
611 4 0 0 0 0 0 0 0 0 0 0 0 0
612 32 1 1 8 0 0 0 0 0 8 6 0 0
614 28 0 0 0 0 0 0 0 0 0 0 0 0
618 1 0 0 0 0 0 0 0 0 0 0 0 0
620 2 0 0 0 0 0 0 0 0 1 0 0 0
628 8 0 0 0 0 0 2 0 0 0 0 0 0
635 3 1 1 2 0 0 0 0 0 1 0 0 0
642 1 0 0 0 0 0 1 0 0 0 0 0 0
644 1 0 0 0 0 0 1 0 0 0 0 0 0
645 4 0 0 3 0 0 0 0 0 0 0 0 0
646 7 1 1 3 0 0 1 0 0 0 0 0 0
fn=expand_dynamic_string_token
229 2 0 0 0 0 0 0 0 0 0 0 0 0
231 6 1 1 0 0 0 2 1 1 0 0 0 0
234 4 0 0 0 0 0 0 0 0 2 1 0 0
241 1 1 1 0 0 0 0 0 0 0 0 0 0
243 5 0 0 0 0 0 1 0 0 1 1 0 0
246 1 1 1 0 0 0 0 0 0 0 0 0 0
249 4 0 0 0 0 0 1 0 0 0 0 0 0
251 2 0 0 0 0 0 0 0 0 1 0 0 0
375 10 1 1 0 0 0 4 0 0 0 0 0 0
388 2 0 0 0 0 0 0 0 0 1 0 0 0
389 4 0 0 0 0 0 2 0 0 0 0 0 0
392 28 3 3 4 0 0 4 0 0 3 1 0 0
395 1 0 0 0 0 0 0 0 0 0 0 0 0
396 2 0 0 0 0 0 0 0 0 1 0 0 0
399 6 0 0 2 0 0 0 0 0 0 0 0 0
400 6 0 0 4 0 0 0 0 0 0 0 0 0
fn=fillin_rpath.isra.0
442 19 2 2 0 0 0 12 0 0 0 0 0 0
446 1 0 0 0 0 0 0 0 0 0 0 0 0
448 12 0 0 2 0 0 2 0 0 2 1 0 0
455 2 1 1 1 0 0 0 0 0 1 0 0 0
457 6 0 0 1 0 0 2 0 0 0 0 0 0
461 2 0 0 0 0 0 0 0 0 1 0 0 0
466 3 0 0 0 0 0 1 0 0 0 0 0 0
467 2 0 0 0 0 0 0 0 0 1 1 0 0
474 4 1 1 1 0 0 0 0 0 2 2 0 0
479 2 1 1 0 0 0 1 0 0 0 0 0 0
483 6 1 1 2 0 0 0 0 0 2 2 0 0
484 2 0 0 1 0 0 0 0 0 1 1 0 0
502 8 1 1 1 0 0 3 0 0 1 0 0 0
506 3 0 0 2 0 0 0 0 0 0 0 0 0
508 2 0 0 0 0 0 0 0 0 1 0 0 0
512 1 0 0 0 0 0 1 0 0 0 0 0 0
513 2 0 0 1 0 0 0 0 0 0 0 0 0
514 4 0 0 0 0 0 2 0 0 0 0 0 0
515 1 0 0 0 0 0 1 0 0 0 0 0 0
517 2 0 0 1 0 0 0 0 0 1 0 0 0
518 1 1 1 0 0 0 1 0 0 0 0 0 0
523 7 0 0 1 0 0 0 0 0 1 1 0 0
524 14 1 1 1 0 0 0 0 0 4 1 0 0
525 4 1 1 0 0 0 3 0 0 0 0 0 0
527 2 1 1 1 0 0 1 0 0 0 0 0 0
528 3 0 0 1 0 0 0 0 0 1 0 0 0
529 4 0 0 1 0 0 2 0 0 0 0 0 0
530 1 0 0 0 0 0 0 0 0 0 0 0 0
535 2 0 0 1 0 0 1 0 0 0 0 0 0
536 1 0 0 0 0 0 1 0 0 0 0 0 0
539 9 2 2 0 0 0 1 0 0 1 1 0 0
545 1 1 1 0 0 0 1 0 0 0 0 0 0
548 8 0 0 7 0 0 0 0 0 0 0 0 0
fn=is_dst
192 8 1 1 0 0 0 4 0 0 0 0 0 0
196 6 0 0 4 0 0 0 0 0 2 0 0 0
205 8 0 0 0 0 0 4 0 0 0 0 0 0
206 10 0 0 0 0 0 2 0 0 2 2 0 0
208 10 1 1 2 0 0 0 0 0 4 2 0 0
219 10 0 0 6 0 0 0 0 0 0 0 0 0
fn=open_path
1741 16 2 2 0 0 0 12 0 0 0 0 0 0
1742 4 0 0 2 0 0 2 1 1 0 0 0 0
1745 2 0 0 0 0 0 2 0 0 0 0 0 0
1746 2 0 0 0 0 0 2 0 0 0 0 0 0
1748 4 0 0 0 0 0 0 0 0 2 0 0 0
1751 4 0 0 0 0 0 0 0 0 0 0 0 0
1753 46 3 3 6 1 1 10 1 1 4 4 0 0
1756 4 0 0 4 0 0 0 0 0 0 0 0 0
1760 6 0 0 2 0 0 2 0 0 2 0 0 0
1764 6 1 1 2 0 0 0 0 0 2 0 0 0
1771 10 0 0 4 0 0 2 1 1 0 0 0 0
1772 33 2 2 10 0 0 0 0 0 10 4 0 0
1775 12 0 0 6 0 0 0 0 0 6 2 0 0
1780 44 1 1 20 0 0 8 0 0 0 0 0 0
1783 8 0 0 0 0 0 4 0 0 0 0 0 0
1789 8 0 0 4 0 0 0 0 0 4 0 0 0
1790 2 0 0 0 0 0 2 0 0 0 0 0 0
1792 32 1 1 16 0 0 4 0 0 0 0 0 0
1794 12 0 0 4 0 0 0 0 0 4 1 0 0
1796 6 0 0 0 0 0 0 0 0 3 2 0 0
1802 18 1 1 12 0 0 0 0 0 3 2 0 0
1808 9 1 1 6 0 0 3 0 0 0 0 0 0
1810 15 0 0 0 0 0 3 0 0 3 0 0 0
1811 3 0 0 1 1 1 0 0 0 0 0 0 0
1813 3 0 0 0 0 0 0 0 0 0 0 0 0
1815 8 1 1 1 0 0 4 0 0 0 0 0 0
1820 4 0 0 1 0 0 0 0 0 0 0 0 0
1822 2 0 0 0 0 0 0 0 0 1 0 0 0
1871 18 1 1 6 0 0 2 1 1 6 0 0 0
1875 4 0 0 4 0 0 0 0 0 0 0 0 0
1877 8 0 0 6 0 0 0 0 0 2 0 0 0
1880 6 1 1 4 0 0 0 0 0 2 2 0 0
1894 18 1 1 14 0 0 0 0 0 0 0 0 0
fn=open_verify.constprop.0
1511 84 1 1 0 0 0 49 2 2 0 0 0 0
1543 21 0 0 7 0 0 0 0 0 7 2 0 0
1562 35 0 0 0 0 0 7 1 1 0 0 0 0
1564 14 1 1 0 0 0 0 0 0 7 2 0 0
1572 3 0 0 0 0 0 3 0 0 0 0 0 0
1573 3 0 0 0 0 0 3 1 1 0 0 0 0
1578 15 0 0 0 0 0 3 0 0 0 0 0 0
1579 6 0 0 0 0 0 0 0 0 0 0 0 0
1580 6 0 0 0 0 0 0 0 0 3 0 0 0
1582 9 0 0 3 0 0 3 0 0 0 0 0 0
1584 6 1 1 0 0 0 0 0 0 3 0 0 0
1590 6 0 0 0 0 0 0 0 0 3 0 0 0
1605 51 2 2 12 1 1 0 0 0 12 2 0 0
1669 6 0 0 3 0 0 0 0 0 3 0 0 0
1674 6 0 0 3 0 0 0 0 0 3 0 0 0
1682 12 0 0 3 0 0 0 0 0 3 0 0 0
1688 6 1 1 3 0 0 0 0 0 3 0 0 0
1694 6 0 0 3 1 1 0 0 0 0 0 0 0
1695 12 0 0 3 0 0 0 0 0 3 1 0 0
1699 14 1 1 1 0 0 0 0 0 2 1 0 0
1700 5 0 0 0 0 0 1 0 0 1 1 0 0
1723 8 1 1 4 0 0 0 0 0 4 2 0 0
1728 63 0 0 49 0 0 0 0 0 0 0 0 0
fl=/usr/src/debug/glibc/glibc/elf/dl-lookup-direct.c
fn=_dl_lookup_direct
32 15 0 0 9 0 0 0 0 0 3 3 0 0
33 9 0 0 0 0 0 0 0 0 0 0 0 0
35 6 0 0 3 1 1 0 0 0 0 0 0 0
36 6 0 0 3 1 1 0 0 0 3 0 0 0
48 9 1 1 3 0 0 3 0 0 3 0 0 0
51 6 0 0 6 0 0 0 0 0 0 0 0 0
53 18 0 0 6 0 0 3 0 0 3 0 0 0
57 6 0 0 6 1 0 0 0 0 0 0 0 0
58 18 1 1 9 0 0 0 0 0 3 0 0 0
59 24 0 0 15 0 0 3 0 0 3 0 0 0
74 27 2 2 0 0 0 18 0 0 0 0 0 0
76 6 0 0 3 0 0 0 0 0 3 0 0 0
78 18 0 0 9 0 0 0 0 0 0 0 0 0
79 6 0 0 0 0 0 0 0 0 3 0 0 0
81 9 0 0 3 0 0 3 0 0 0 0 0 0
84 25 0 0 5 1 0 0 0 0 5 2 0 0
86 27 2 2 3 0 0 9 0 0 0 0 0 0
93 6 1 1 0 0 0 0 0 0 2 2 0 0
116 18 0 0 12 0 0 0 0 0 0 0 0 0
fl=/usr/src/debug/glibc/glibc/elf/dl-lookup.c
fn=_dl_lookup_symbol_x
767 3013 2 2 393 0 0 1703 6 1 0 0 0 0
769 262 0 0 0 0 0 131 3 0 0 0 0 0
770 524 1 1 131 0 0 262 0 0 0 0 0 0
771 131 0 0 131 0 0 0 0 0 0 0 0 0
773 131 0 0 131 0 0 0 0 0 0 0 0 0
777 498 1 1 118 0 0 0 0 0 249 9 0 0
779 262 0 0 0 0 0 131 0 0 0 0 0 0
780 262 0 0 131 0 0 0 0 0 131 5 0 0
782 262 0 0 262 0 0 0 0 0 0 0 0 0
786 574 0 0 10 0 0 0 0 0 141 2 0 0
787 2227 2 2 655 0 0 917 3 1 131 1 0 0
792 393 0 0 262 0 0 0 0 0 131 2 0 0
794 80 1 1 20 0 0 0 0 0 20 2 0 0
811 131 0 0 0 0 0 131 0 0 0 0 0 0
812 20 0 0 0 0 0 0 0 0 0 0 0 0
815 121 0 0 121 0 0 0 0 0 0 0 0 0
816 827 0 0 116 0 0 121 0 0 237 4 0 0
823 121 0 0 121 0 0 0 0 0 0 0 0 0
851 726 1 1 121 0 0 0 0 0 121 0 0 0
865 363 0 0 121 1 0 0 0 0 121 1 0 0
866 2 1 1 0 0 0 1 0 0 0 0 0 0
868 242 0 0 121 0 0 0 0 0 121 0 0 0
872 10 1 1 0 0 0 0 0 0 0 0 0 0
885 121 0 0 121 0 0 0 0 0 0 0 0 0
887 1441 1 1 1048 0 0 0 0 0 0 0 0 0
fn=check_match
70 496 1 1 124 45 34 124 0 0 0 0 0 0
73 992 0 0 248 11 11 0 0 0 124 0 0 0
78 3 0 0 0 0 0 0 0 0 0 0 0 0
86 1116 1 1 0 0 0 248 0 0 124 0 0 0
89 668 0 0 120 0 0 60 3 0 184 31 0 0
93 248 1 1 248 1 0 0 0 0 0 0 0 0
94 248 0 0 0 0 0 0 0 0 124 4 0 0
98 242 0 0 0 0 0 0 0 0 121 20 0 0
102 242 0 0 242 21 10 0 0 0 0 0 0 0
103 1089 0 0 484 7 0 0 0 0 121 3 0 0
104 1062 1 1 472 1 0 354 1 1 118 0 0 0
109 9 1 1 3 0 0 0 0 0 3 0 0 0
110 3 0 0 3 0 0 0 0 0 0 0 0 0
111 12 1 1 9 0 0 0 0 0 3 2 0 0
141 6 0 0 0 0 0 0 0 0 3 0 0 0
143 18 0 0 6 0 0 0 0 0 3 2 0 0
144 12 0 0 0 0 0 0 0 0 0 0 0 0
158 363 0 0 242 0 0 0 0 0 0 0 0 0
159 372 0 0 248 0 0 0 0 0 0 0 0 0
fn=do_lookup_x
344 1572 2 2 262 0 0 1179 11 3 0 0 0 0
350 131 0 0 131 0 0 0 0 0 0 0 0 0
351 131 0 0 131 0 0 0 0 0 0 0 0 0
355 1104 1 1 1104 0 0 0 0 0 0 0 0 0
358 1104 0 0 0 0 0 0 0 0 552 0 0 0
362 1104 0 0 0 0 0 0 0 0 552 16 0 0
383 1104 0 0 552 0 0 0 0 0 552 14 0 0
387 1104 0 0 552 0 0 0 0 0 552 0 0 0
393 1656 1 1 552 2 0 0 0 0 552 0 0 0
397 552 0 0 0 0 0 552 0 0 0 0 0 0
398 552 0 0 0 0 0 552 0 0 0 0 0 0
401 2760 0 0 1656 5 0 0 0 0 552 2 0 0
402 1656 1 1 1104 1 0 0 0 0 0 0 0 0
405 552 0 0 552 0 0 0 0 0 0 0 0 0
406 1104 0 0 0 0 0 0 0 0 552 0 0 0
408 552 0 0 552 75 63 0 0 0 0 0 0 0
409 1179 1 1 262 0 0 131 0 0 0 0 0 0
410 1104 0 0 1104 0 0 0 0 0 0 0 0 0
413 1104 0 0 552 0 0 0 0 0 0 0 0 0
416 2760 0 0 0 0 0 0 0 0 552 137 0 0
419 258 0 0 258 68 57 0 0 0 0 0 0 0
420 387 1 1 0 0 0 0 0 0 0 0 0 0
421 258 0 0 0 0 0 0 0 0 129 3 0 0
423 252 1 1 126 0 0 126 0 0 0 0 0 0
426 1370 0 0 274 97 85 0 0 0 274 123 0 0
428 2008 2 2 0 0 0 882 0 0 0 0 0 0
429 1984 1 1 744 0 0 744 4 1 0 0 0 0
430 248 0 0 0 0 0 0 0 0 0 0 0 0
433 1582 1 1 726 0 0 0 0 0 124 4 0 0
436 459 0 0 0 0 0 0 0 0 153 5 0 0
445 45 1 1 30 0 0 0 0 0 0 0 0 0
467 10 1 1 5 0 0 0 0 0 5 2 0 0
469 10 0 0 5 0 0 0 0 0 0 0 0 0
473 242 1 1 0 0 0 0 0 0 121 0 0 0
480 932 0 0 121 0 0 0 0 0 345 12 0 0
484 27 1 1 9 1 0 0 0 0 9 4 0 0
496 242 0 0 121 0 0 121 0 0 0 0 0 0
497 121 1 1 0 0 0 121 0 0 0 0 0 0
498 242 0 0 121 0 0 0 0 0 0 0 0 0
515 1293 0 0 0 0 0 0 0 0 431 10 0 0
518 20 1 1 0 0 0 0 0 0 0 0 0 0
519 917 0 0 786 0 0 0 0 0 0 0 0 0
fl=/usr/src/debug/glibc/glibc/elf/dl-minimal-malloc.c
fn=__minimal_calloc
80 10 1 1 0 0 0 0 0 0 0 0 0 0
84 30 0 0 0 0 0 0 0 0 0 0 0 0
87 10 0 0 0 0 0 0 0 0 0 0 0 0
88 30 0 0 0 0 0 0 0 0 10 9 0 0
fn=__minimal_free
97 2 1 1 0 0 0 0 0 0 0 0 0 0
99 8 0 0 4 0 0 0 0 0 2 0 0 0
fn=__minimal_malloc
36 37 1 1 0 0 0 4 0 0 0 0 0 0
37 93 0 0 31 1 0 0 0 0 31 1 0 0
42 3 0 0 0 0 0 1 0 0 0 0 0 0
43 2 1 1 1 0 0 0 0 0 0 0 0 0
44 2 0 0 0 0 0 0 0 0 0 0 0 0
48 123 0 0 30 0 0 31 0 0 0 0 0 0
51 209 1 1 0 0 0 0 0 0 60 27 0 0
56 8 0 0 2 0 0 0 0 0 0 0 0 0
57 8 0 0 0 0 0 0 0 0 2 0 0 0
59 2 0 0 0 0 0 0 0 0 0 0 0 0
60 16 1 1 0 0 0 2 0 0 0 0 0 0
62 4 0 0 0 0 0 0 0 0 2 0 0 0
64 10 0 0 0 0 0 4 0 0 0 0 0 0
65 8 0 0 4 0 0 0 0 0 2 0 0 0
67 4 0 0 0 0 0 2 0 0 0 0 0 0
70 31 1 1 0 0 0 31 2 1 0 0 0 0
71 33 0 0 0 0 0 31 0 0 0 0 0 0
73 37 0 0 35 0 0 0 0 0 0 0 0 0
fl=/usr/src/debug/glibc/glibc/elf/dl-minimal.c
fn=__rtld_malloc_init_real
76 7 1 1 0 0 0 4 0 0 0 0 0 0
86 2 0 0 0 0 0 1 0 0 0 0 0 0
88 1 0 0 0 0 0 1 0 0 0 0 0 0
89 1 0 0 0 0 0 1 0 0 0 0 0 0
91 4 0 0 0 0 0 1 0 0 0 0 0 0
92 5 1 1 0 0 0 1 0 0 0 0 0 0
93 5 0 0 0 0 0 1 0 0 0 0 0 0
94 4 0 0 0 0 0 1 0 0 0 0 0 0
99 1 1 1 0 0 0 1 0 0 0 0 0 0
100 1 0 0 0 0 0 1 0 0 0 0 0 0
101 1 0 0 0 0 0 1 0 0 0 0 0 0
102 1 0 0 0 0 0 1 1 0 0 0 0 0
103 6 0 0 5 0 0 0 0 0 0 0 0 0
fn=__rtld_malloc_init_stubs
42 1 1 1 0 0 0 0 0 0 0 0 0 0
43 2 0 0 0 0 0 1 1 1 0 0 0 0
44 2 0 0 0 0 0 1 0 0 0 0 0 0
45 2 0 0 0 0 0 1 0 0 0 0 0 0
46 2 0 0 0 0 0 1 1 1 0 0 0 0
47 1 0 0 1 0 0 0 0 0 0 0 0 0
fn=lookup_malloc_symbol
61 20 2 2 0 0 0 4 0 0 0 0 0 0
63 4 0 0 0 0 0 4 0 0 0 0 0 0
64 28 0 0 4 0 0 12 0 0 0 0 0 0
68 32 0 0 16 0 0 0 0 0 4 0 0 0
69 24 1 1 12 0 0 0 0 0 4 0 0 0
71 4 0 0 0 0 0 4 0 0 0 0 0 0
72 12 0 0 8 0 0 0 0 0 0 0 0 0
fn=strsep
239 2 1 1 0 0 0 0 0 0 0 0 0 0
242 6 0 0 2 1 1 0 0 0 2 0 0 0
244 2 0 0 2 0 0 0 0 0 0 0 0 0
245 4 0 0 0 0 0 0 0 0 2 1 0 0
247 3 0 0 0 0 0 0 0 0 0 0 0 0
249 26 0 0 8 0 0 0 0 0 8 5 0 0
251 14 0 0 0 0 0 0 0 0 0 0 0 0
254 14 1 1 7 0 0 0 0 0 7 5 0 0
256 21 0 0 7 0 0 0 0 0 7 4 0 0
264 7 0 0 0 0 0 0 0 0 0 0 0 0
267 1 0 0 0 0 0 1 0 0 0 0 0 0
271 4 0 0 2 0 0 0 0 0 0 0 0 0
fl=/usr/src/debug/glibc/glibc/elf/dl-misc.c
fn=_dl_name_match_p
68 216 1 1 0 0 0 72 1 1 0 0 0 0
69 144 0 0 36 0 0 36 1 1 36 0 0 0
70 7 0 0 0 0 0 0 0 0 0 0 0 0
72 36 0 0 36 0 0 0 0 0 0 0 0 0
74 146 0 0 0 0 0 0 0 0 73 31 0 0
75 220 1 1 44 0 0 44 0 0 44 17 0 0
78 37 0 0 37 0 0 0 0 0 0 0 0 0
80 29 0 0 0 0 0 0 0 0 0 0 0 0
81 144 0 0 108 0 0 0 0 0 0 0 0 0
fn=_dl_sysdep_read_whole_file
36 6 1 1 0 0 0 2 0 0 0 0 0 0
39 3 0 0 0 0 0 1 0 0 0 0 0 0
40 3 0 0 0 0 0 0 0 0 1 1 0 0
42 7 1 1 1 0 0 2 0 0 1 0 0 0
44 2 0 0 1 0 0 1 0 0 0 0 0 0
47 2 0 0 0 0 0 0 0 0 1 1 0 0
49 9 1 1 1 0 0 2 0 0 0 0 0 0
60 4 0 0 1 0 0 2 0 0 0 0 0 0
63 5 0 0 3 0 0 0 0 0 0 0 0 0
fl=/usr/src/debug/glibc/glibc/elf/dl-object.c
fn=_dl_add_to_namespace_list
31 24 1 1 0 0 0 8 0 0 0 0 0 0
33 8 0 0 4 0 0 4 0 0 0 0 4 1
35 26 0 0 4 0 0 0 0 0 4 1 0 0
38 36 1 0 9 0 0 0 0 0 9 6 0 0
40 3 0 0 0 0 0 3 0 0 0 0 0 0
42 3 0 0 0 0 0 3 0 0 0 0 0 0
45 2 0 0 0 0 0 1 0 0 0 0 0 0
46 8 1 1 4 0 0 0 0 0 0 0 0 0
47 8 0 0 4 1 1 4 0 0 0 0 0 0
48 8 0 0 0 0 0 4 0 0 0 0 0 0
50 8 0 0 4 0 0 0 0 0 0 0 4 1
51 12 0 0 8 0 0 0 0 0 0 0 0 0
fn=_dl_new_object
59 56 2 2 0 0 0 36 2 2 0 0 0 0
62 8 0 0 0 0 0 0 0 0 4 1 0 0
64 2 1 1 0 0 0 0 0 0 1 1 0 0
66 3 1 1 1 0 0 0 0 0 1 0 0 0
67 6 0 0 0 0 0 1 0 0 1 0 0 0
71 2 1 1 0 0 0 0 0 0 0 0 0 0
77 1 0 0 0 0 0 0 0 0 0 0 0 0
80 3 0 0 3 0 0 0 0 0 0 0 0 0
83 19 1 1 0 0 0 10 0 0 0 0 0 0
87 6 0 0 0 0 0 0 0 0 0 0 0 0
92 3 0 0 0 0 0 0 0 0 0 0 0 0
95 8 0 0 0 0 0 0 0 0 4 0 0 0
98 4 0 0 0 0 0 4 3 3 0 0 0 0
99 12 0 0 4 0 0 4 4 4 0 0 0 0
103 8 0 0 0 0 0 4 1 1 0 0 0 0
104 28 1 1 8 0 0 12 1 1 0 0 0 0
106 4 0 0 0 0 0 4 0 0 0 0 0 0
119 18 0 0 11 0 0 0 0 0 7 6 0 0
123 3 0 0 0 0 0 0 0 0 0 0 0 0
125 1 0 0 0 0 0 0 0 0 0 0 0 0
127 28 1 1 8 4 4 8 0 0 0 0 0 0
130 8 0 0 4 0 0 0 0 0 4 4 0 0
131 8 1 1 0 0 0 4 4 4 0 0 0 0
132 4 0 0 0 0 0 4 1 1 0 0 0 0
136 4 0 0 0 0 0 4 0 0 0 0 0 0
139 36 1 1 0 0 0 0 0 0 13 10 0 0
141 20 0 0 0 0 0 16 4 4 1 1 0 0
149 8 0 0 0 0 0 4 0 0 0 0 0 0
150 4 0 0 0 0 0 4 4 4 0 0 0 0
153 1 0 0 0 0 0 0 0 0 0 0 0 0
155 20 1 1 4 1 1 0 0 0 4 1 0 0
157 12 0 0 0 0 0 3 1 1 0 0 0 0
160 10 1 1 0 0 0 0 0 0 4 0 0 0
164 12 0 0 3 0 0 0 0 0 3 0 0 0
168 18 0 0 3 0 0 0 0 0 6 4 0 0
176 1 1 1 0 0 0 1 0 0 0 0 0 0
179 8 0 0 0 0 0 4 1 1 0 0 0 0
189 16 1 1 8 0 0 0 0 0 4 1 0 0
191 9 0 0 0 0 0 3 0 0 0 0 0 0
195 9 0 0 0 0 0 0 0 0 3 0 0 0
199 6 0 0 0 0 0 0 0 0 0 0 0 0
200 6 0 0 0 0 0 0 0 0 3 0 0 0
208 3 0 0 0 0 0 0 0 0 0 0 0 0
212 3 0 0 0 0 0 0 0 0 0 0 0 0
245 12 0 0 3 0 0 3 0 0 0 0 0 0
250 106 0 0 0 0 0 0 0 0 0 0 0 0
251 106 0 0 53 0 0 0 0 0 53 21 0 0
255 6 0 0 0 0 0 0 0 0 0 0 0 0
256 3 0 0 0 0 0 3 0 0 0 0 0 0
259 3 0 0 0 0 0 3 1 1 0 0 0 0
263 36 1 1 28 0 0 0 0 0 0 0 0 0
fl=/usr/src/debug/glibc/glibc/elf/dl-reloc.c
fn=_dl_protect_relro
352 2 2 2 0 0 0 1 0 0 0 0 0 0
353 3 0 0 1 0 0 0 0 0 1 0 0 0
356 6 0 0 3 0 0 0 0 0 0 0 0 0
359 2 0 0 0 0 0 0 0 0 0 0 0 0
363 2 0 0 0 0 0 0 0 0 1 1 0 0
364 8 0 0 0 0 0 1 0 0 1 0 0 0
370 2 0 0 2 0 0 0 0 0 0 0 0 0
fn=_dl_relocate_object
343 14 1 1 0 0 0 4 0 0 0 0 0 0
344 14 0 0 8 0 0 0 0 0 6 4 0 0
346 4 0 0 0 0 0 4 0 0 0 0 0 0
348 8 0 0 8 0 0 0 0 0 0 0 0 0
353 12 0 0 4 1 0 0 0 0 4 0 0 0
356 24 1 1 12 0 0 0 0 0 0 0 0 0
359 8 0 0 0 0 0 0 0 0 0 0 0 0
363 8 0 0 0 0 0 0 0 0 4 3 0 0
364 24 0 0 0 0 0 4 0 0 4 3 0 0
fn=_dl_relocate_object_no_relro
170 760 1 1 190 88 88 0 0 0 190 17 0 0
171 260 0 0 0 0 0 0 0 0 130 0 0 0
174 260 0 0 130 3 1 0 0 0 130 10 0 0
175 56 2 2 7 0 0 0 0 0 21 4 0 0
177 7 1 1 7 0 0 0 0 0 0 0 0 0
178 21 0 0 7 0 0 7 0 0 0 0 0 0
182 623 2 2 2 0 0 2 1 1 246 6 0 0
183 123 0 0 0 0 0 123 0 0 0 0 0 0
184 123 0 0 0 0 0 123 0 0 0 0 0 0
186 992 2 2 492 0 0 6 0 0 123 6 0 0
187 585 0 0 117 11 0 117 0 0 0 0 0 0
188 234 0 0 0 0 0 0 0 0 117 0 0 0
190 867 0 0 123 0 0 369 0 0 0 0 0 0
193 246 1 1 123 0 0 123 0 0 0 0 0 0
194 492 1 1 369 0 0 123 1 0 0 0 0 0
196 7 0 0 7 0 0 0 0 0 0 0 0 0
207 65 2 2 0 0 0 40 0 0 0 0 0 0
214 1 0 0 0 0 0 0 0 0 0 0 0 0
217 4 0 0 2 0 0 0 0 0 0 0 0 0
220 5 1 1 0 0 0 0 0 0 0 0 0 0
223 10 0 0 0 0 0 0 0 0 5 0 0 0
226 15 0 0 5 2 0 0 0 0 5 5 0 0
246 15 0 0 5 0 0 0 0 0 5 0 0 0
247 10 1 1 5 4 0 0 0 0 5 3 0 0
248 6 0 0 0 0 0 0 0 0 0 0 0 0
250 10 2 2 0 0 0 0 0 0 5 0 0 0
257 20 0 0 5 0 0 5 0 0 5 2 0 0
296 12054 11 11 1214 234 208 46 0 0 3115 380 0 0
298 20 0 0 0 0 0 0 0 0 5 0 0 0
321 5 0 0 5 0 0 0 0 0 0 0 0 0
324 10 1 1 5 0 0 0 0 0 5 0 0 0
338 40 0 0 35 2 0 0 0 0 0 0 0 0
fl=/usr/src/debug/glibc/glibc/elf/dl-runtime.c
fn=_dl_fixup
46 24 1 1 0 0 0 15 0 0 0 0 0 0
48 24 1 1 12 0 0 0 0 0 0 0 0 0
49 9 0 0 6 0 0 0 0 0 0 0 0 0
54 3 0 0 3 0 0 0 0 0 0 0 0 0
55 12 0 0 3 1 0 0 0 0 0 0 0 0
56 21 1 1 3 1 0 3 0 0 0 0 0 0
58 3 0 0 3 0 0 0 0 0 0 0 0 0
63 6 0 0 0 0 0 0 0 0 3 0 0 0
67 6 0 0 3 1 1 0 0 0 3 0 0 0
69 15 0 0 3 0 0 0 0 0 0 0 0 0
71 9 0 0 3 0 0 0 0 0 3 0 0 0
75 9 0 0 6 0 0 0 0 0 0 0 0 0
76 12 1 1 3 0 0 0 0 0 0 0 0 0
84 3 0 0 0 0 0 0 0 0 0 0 0 0
85 9 0 0 3 0 0 0 0 0 3 3 0 0
95 30 1 1 6 0 0 9 2 0 0 0 0 0
99 15 0 0 9 0 0 0 0 0 3 0 0 0
109 30 1 1 12 0 0 3 0 0 6 1 0 0
123 3 1 1 0 0 0 3 0 0 0 0 0 0
124 12 0 0 3 0 0 0 0 0 3 2 0 0
125 9 0 0 3 0 0 3 0 0 0 0 0 0
133 9 0 0 3 0 0 0 0 0 3 3 0 0
159 9 1 1 3 0 0 0 0 0 3 0 0 0
163 21 0 0 18 0 0 0 0 0 0 0 0 0
fl=/usr/src/debug/glibc/glibc/elf/dl-setup_hash.c
fn=_dl_setup_hash
25 5 1 1 0 0 0 0 0 0 0 0 0 0
28 15 0 0 5 0 0 0 0 0 5 0 0 0
31 15 0 0 10 0 0 0 0 0 5 0 0 0
32 10 1 1 5 4 4 5 0 0 0 0 0 0
33 5 0 0 5 0 0 0 0 0 0 0 0 0
34 5 0 0 5 0 0 0 0 0 0 0 0 0
36 15 0 0 0 0 0 0 0 0 5 0 0 0
37 5 0 0 0 0 0 5 0 0 0 0 0 0
38 15 0 0 5 0 0 5 0 0 0 0 0 0
40 5 0 0 0 0 0 5 0 0 0 0 0 0
41 10 0 0 0 0 0 0 0 0 0 0 0 0
43 5 1 1 0 0 0 5 0 0 0 0 0 0
45 20 0 0 0 0 0 5 0 0 0 0 0 0
50 5 0 0 5 0 0 0 0 0 0 0 0 0
fl=/usr/src/debug/glibc/glibc/elf/dl-sort-maps.c
fn=_dl_sort_maps
140 20 2 1 10 0 0 0 0 0 10 2 0 0
143 30 0 0 0 0 0 10 0 0 0 0 0 0
181 2 0 0 0 0 0 2 0 0 0 0 0 0
182 2 0 0 2 0 0 0 0 0 0 0 0 0
183 40 2 1 0 0 0 0 0 0 12 6 0 0
184 20 0 0 20 0 0 0 0 0 0 0 0 0
211 32 4 2 2 0 0 0 0 0 4 2 0 0
216 6 0 0 0 0 0 4 0 0 0 0 0 0
218 4 0 0 0 0 0 2 0 0 0 0 0 0
219 20 2 1 2 0 0 4 0 0 0 0 0 0
221 26 0 0 0 0 0 0 0 0 8 0 0 0
223 10 0 0 10 0 0 0 0 0 0 0 0 0
226 30 0 0 10 0 0 0 0 0 10 6 0 0
244 14 0 0 8 0 0 0 0 0 2 2 0 0
263 6 2 1 0 0 0 2 0 0 0 0 0 0
276 8 0 0 2 0 0 0 0 0 4 2 0 0
283 2 1 1 0 0 0 0 0 0 0 0 0 0
298 34 3 1 2 0 0 18 0 0 0 0 0 0
306 6 0 0 2 2 0 0 0 0 2 2 0 0
310 22 2 1 16 0 0 0 0 0 0 0 0 0
fn=_dl_sort_maps_init
289 2 1 1 0 0 0 0 0 0 0 0 0 0
290 4 0 0 0 0 0 1 0 0 0 0 0 0
291 1 0 0 0 0 0 1 0 0 0 0 0 0
292 3 0 0 1 0 0 0 0 0 0 0 0 0
293 2 0 0 1 0 0 0 0 0 0 0 0 0
fn=dfs_traversal.part.0
135 30 2 1 0 0 0 0 0 0 0 0 0 0
140 34 0 0 17 0 0 0 0 0 17 6 0 0
143 10 0 0 10 0 0 0 0 0 0 0 0 0
145 30 0 0 10 2 0 0 0 0 10 3 0 0
147 89 2 1 24 2 0 0 0 0 24 7 0 0
156 35 3 1 5 0 0 0 0 0 15 10 0 0
171 30 0 0 10 0 0 10 0 0 0 0 0 0
172 10 1 1 0 0 0 10 0 0 0 0 0 0
173 20 0 0 10 0 0 0 0 0 0 0 0 0
fl=/usr/src/debug/glibc/glibc/elf/dl-tunables.c
fn=__GI___tunable_set_val
73 54 0 0 6 0 0 0 0 0 12 0 0 0
83 6 0 0 6 0 0 0 0 0 0 0 0 0
94 24 1 1 12 0 0 0 0 0 6 0 0 0
95 30 0 0 12 0 0 0 0 0 6 0 0 0
99 12 0 0 0 0 0 0 0 0 0 0 0 0
101 24 0 0 0 0 0 0 0 0 0 0 0 0
105 6 0 0 0 0 0 0 0 0 0 0 0 0
112 12 1 1 0 0 0 0 0 0 6 0 0 0
113 12 0 0 0 0 0 0 0 0 6 4 0 0
116 12 1 1 0 0 0 6 0 0 0 0 0 0
117 6 0 0 0 0 0 6 0 0 0 0 0 0
118 6 0 0 0 0 0 6 0 0 0 0 0 0
119 6 0 0 0 0 0 6 0 0 0 0 0 0
162 24 1 1 0 0 0 0 0 0 0 0 0 0
166 6 0 0 6 0 0 0 0 0 0 0 0 0
fn=__GI___tunables_init
43 370 0 0 74 0 0 0 0 0 148 1 0 0
46 73 0 0 0 0 0 0 0 0 0 0 0 0
47 188 1 1 0 0 0 0 0 0 0 0 0 0
49 9467 4 4 1088 37 37 0 0 0 2809 126 0 0
50 61 0 0 0 0 0 0 0 0 0 0 0 0
53 146 1 1 0 0 0 0 0 0 73 0 0 0
57 73 0 0 0 0 0 0 0 0 0 0 0 0
188 73 1 1 0 0 0 0 0 0 0 0 0 0
294 11 2 2 0 0 0 6 0 0 0 0 0 0
300 3 0 0 1 0 0 0 0 0 1 0 0 0
304 8 1 1 0 0 0 7 4 4 0 0 0 0
306 1 0 0 0 0 0 0 0 0 0 0 0 0
317 2044 0 0 0 0 0 0 0 0 657 94 0 0
319 657 0 0 0 0 0 0 0 0 0 0 0 0
320 1971 0 0 0 0 0 0 0 0 0 0 0 0
322 3285 0 0 1314 11 11 0 0 0 657 22 0 0
337 7 1 1 1 0 0 0 0 0 1 0 0 0
340 27 0 0 0 0 0 0 0 0 9 1 0 0
343 27 1 1 9 0 0 0 0 0 9 4 0 0
352 8 0 0 7 0 0 0 0 0 0 0 0 0
fn=__tunable_get_val
435 66 1 1 0 0 0 0 0 0 0 0 0 0
438 291 1 1 33 30 29 0 0 0 63 16 0 0
447 42 2 1 30 19 14 12 0 0 0 0 0 0
448 12 0 0 0 0 0 0 0 0 0 0 0 0
457 27 0 0 0 0 0 21 0 0 0 0 0 0
464 99 0 0 33 6 5 0 0 0 33 25 0 0
466 33 0 0 33 0 0 0 0 0 0 0 0 0
fl=/usr/src/debug/glibc/glibc/elf/dl-tunables.h
fn=__GI___tunables_init
160 3003 1 1 915 0 0 0 0 0 129 15 0 0
161 1718 0 0 0 0 0 0 0 0 859 77 0 0
fl=/usr/src/debug/glibc/glibc/elf/dl-version.c
fn=_dl_check_all_versions
399 3 1 1 0 0 0 1 0 0 0 0 0 0
401 7 0 0 0 0 0 2 0 0 0 0 0 0
403 19 1 1 5 0 0 1 0 0 6 4 0 0
404 5 0 0 0 0 0 0 0 0 0 0 0 0
405 30 1 1 5 0 0 5 0 0 5 5 0 0
408 7 0 0 5 0 0 0 0 0 0 0 0 0
fn=_dl_check_map_versions
36 48 0 0 8 0 0 0 0 0 18 4 0 0
37 14 0 0 14 0 0 0 0 0 0 0 0 0
38 90 0 0 0 0 0 18 0 0 18 5 0 0
56 68 0 0 51 0 0 0 0 0 17 13 0 0
64 34 1 1 17 0 0 0 0 0 17 0 0 0
70 51 0 0 17 1 0 0 0 0 17 0 0 0
86 17 0 0 17 1 0 0 0 0 0 0 0 0
87 34 0 0 0 0 0 0 0 0 17 0 0 0
89 17 0 0 17 0 0 0 0 0 0 0 0 0
94 753 1 1 317 17 17 51 0 0 317 5 0 0
99 12 0 0 0 0 0 12 0 0 0 0 0 0
108 634 0 0 317 6 6 0 0 0 317 19 0 0
110 17 1 1 17 0 0 0 0 0 0 0 0 0
113 119 0 0 34 0 0 17 0 0 17 0 0 0
120 900 0 0 300 7 7 0 0 0 300 0 0 0
124 300 0 0 0 0 0 0 0 0 0 0 0 0
155 10 1 1 0 0 0 0 0 0 0 0 0 0
156 5 1 1 0 0 0 5 0 0 0 0 0 0
164 5 0 0 0 0 0 0 0 0 0 0 0 0
170 20 0 0 5 0 0 5 0 0 5 0 0 0
171 1 0 0 0 0 0 1 0 0 0 0 0 0
172 40 1 1 10 0 0 25 0 0 5 0 0 0
174 5 0 0 5 1 0 0 0 0 0 0 0 0
175 15 0 0 5 0 0 0 0 0 0 0 0 0
177 10 0 0 0 0 0 0 0 0 5 2 0 0
180 6 0 0 6 0 0 0 0 0 0 0 0 0
184 6 1 1 3 1 1 0 0 0 3 0 0 0
198 1 0 0 0 0 0 0 0 0 0 0 0 0
200 8 1 1 8 0 0 0 0 0 0 0 0 0
208 8 0 0 0 0 0 0 0 0 4 0 0 0
213 16 1 1 4 0 0 0 0 0 0 0 0 0
215 13 0 0 0 0 0 0 0 0 0 0 0 0
217 34 0 0 34 3 3 0 0 0 0 0 0 0
218 117 1 1 91 1 0 0 0 0 17 8 0 0
221 34 0 0 17 2 2 17 0 0 0 0 0 0
224 51 0 0 17 0 0 0 0 0 17 7 0 0
225 23 0 0 0 0 0 13 0 0 1 0 0 0
228 10 1 1 9 0 0 0 0 0 0 0 0 0
231 68 1 1 17 0 0 0 0 0 0 0 0 0
234 51 0 0 17 0 0 0 0 0 17 5 0 0
239 13 0 0 0 0 0 0 0 0 0 0 0 0
243 12 0 0 4 0 0 0 0 0 4 3 0 0
248 1 0 0 0 0 0 0 0 0 0 0 0 0
257 25 3 3 15 0 0 0 0 0 5 2 0 0
260 6 0 0 6 0 0 0 0 0 0 0 0 0
263 302 0 0 74 7 7 0 0 0 0 0 0 0
266 231 0 0 74 4 4 0 0 0 74 23 0 0
270 71 0 0 0 0 0 0 0 0 0 0 0 0
274 8 1 1 0 0 0 0 0 0 4 1 0 0
279 4 0 0 0 0 0 4 0 0 0 0 0 0
280 12 1 1 0 0 0 4 0 0 0 0 0 0
281 12 1 1 4 0 0 0 0 0 4 0 0 0
291 4 0 0 0 0 0 4 0 0 0 0 0 0
294 20 0 0 12 1 0 4 1 0 4 0 0 0
296 8 1 1 0 0 0 0 0 0 4 1 0 0
299 9 0 0 6 0 0 0 0 0 0 0 0 0
301 1 0 0 0 0 0 0 0 0 0 0 0 0
303 12 0 0 4 0 0 0 0 0 0 0 0 0
306 17 1 1 17 0 0 0 0 0 0 0 0 0
308 68 0 0 0 0 0 0 0 0 17 9 0 0
310 85 0 0 17 0 0 17 0 0 0 0 0 0
311 34 0 0 0 0 0 17 6 6 0 0 0 0
312 51 0 0 17 0 0 17 3 3 0 0 0 0
313 51 0 0 17 0 0 17 1 1 0 0 0 0
316 51 0 0 17 0 0 0 0 0 17 4 0 0
321 13 0 0 0 0 0 0 0 0 0 0 0 0
324 12 1 1 4 0 0 0 0 0 4 2 0 0
329 1 0 0 0 0 0 0 0 0 0 0 0 0
334 8 1 1 0 0 0 0 0 0 4 1 0 0
337 9 0 0 6 0 0 0 0 0 0 0 0 0
341 71 0 0 71 0 0 0 0 0 0 0 0 0
343 148 1 1 74 0 0 0 0 0 74 12 0 0
347 71 0 0 71 0 0 0 0 0 0 0 0 0
348 284 0 0 71 0 0 71 18 18 0 0 0 0
349 213 0 0 71 0 0 71 0 0 0 0 0 0
350 71 0 0 0 0 0 71 8 8 0 0 0 0
353 222 0 0 74 0 0 0 0 0 74 6 0 0
357 71 0 0 0 0 0 0 0 0 0 0 0 0
364 304 1 1 0 0 0 0 0 0 96 4 0 0
365 192 0 0 96 0 0 0 0 0 96 8 0 0
366 24 0 0 0 0 0 8 0 0 0 0 0 0
372 8 0 0 0 0 0 0 0 0 4 1 0 0
373 6 0 0 3 0 0 0 0 0 3 0 0 0
374 6 0 0 3 0 0 0 0 0 3 1 0 0
375 4 0 0 2 0 0 0 0 0 2 1 0 0
377 4 1 1 3 0 0 0 0 0 1 1 0 0
379 120 0 0 31 0 0 0 0 0 30 2 0 0
380 58 1 1 0 0 0 0 0 0 29 3 0 0
382 2 0 0 1 0 0 0 0 0 0 0 0 0
383 6 0 0 0 0 0 1 0 0 1 1 0 0
394 39 1 1 34 0 0 0 0 0 0 0 0 0
fl=/usr/src/debug/glibc/glibc/elf/do-rel.h
fn=_dl_relocate_object_no_relro
48 10 0 0 0 0 0 0 0 0 0 0 0 0
49 30 0 0 10 0 0 0 0 0 0 0 0 0
50 40 0 0 0 0 0 10 0 0 0 0 0 0
51 5 0 0 5 0 0 0 0 0 0 0 0 0
53 85 2 2 20 0 0 25 0 0 0 0 0 0
72 239 2 2 1 0 0 1 0 0 1 0 0 0
73 43 3 3 5 0 0 20 0 0 5 0 0 0
80 30 0 0 10 0 0 0 0 0 10 9 0 0
83 27 1 1 1 0 0 0 0 0 8 2 0 0
85 28 1 1 7 3 3 0 0 0 7 3 0 0
96 2 0 0 0 0 0 0 0 0 0 0 0 0
97 2 0 0 0 0 0 0 0 0 1 1 0 0
105 27 1 1 0 0 0 0 0 0 9 8 0 0
114 14 0 0 0 0 0 0 0 0 7 0 0 0
117 29 0 0 9 5 0 0 0 0 9 6 0 0
120 28 0 0 14 3 0 7 0 0 7 7 0 0
122 578 2 2 203 0 0 0 0 0 191 22 0 0
124 920 1 1 552 120 112 0 0 0 0 0 0 0
125 736 0 0 184 0 0 184 0 0 0 0 0 0
126 552 1 1 276 0 0 276 0 0 0 0 0 0
127 552 0 0 138 0 0 0 0 0 0 0 0 0
129 552 0 0 0 0 0 0 0 0 184 6 0 0
131 92 0 0 46 0 0 0 0 0 46 1 0 0
132 4 0 0 0 0 0 2 0 0 0 0 0 0
133 46 0 0 0 0 0 46 0 0 0 0 0 0
141 430 0 0 138 0 0 0 0 0 138 0 0 0
155 8 0 0 0 0 0 0 0 0 4 2 0 0
156 154 1 1 6 0 0 4 0 0 48 14 0 0
157 138 0 0 46 0 0 0 0 0 46 0 0 0
160 138 1 1 92 0 0 0 0 0 0 0 0 0
162 184 0 0 46 0 0 46 0 0 0 0 0 0
163 46 0 0 46 0 0 0 0 0 0 0 0 0
164 46 0 0 46 0 0 0 0 0 0 0 0 0
171 25 2 2 11 0 0 0 0 0 8 4 0 0
173 42 0 0 12 3 3 6 0 0 0 0 0 0
174 12 0 0 12 0 0 0 0 0 0 0 0 0
176 18 1 1 0 0 0 0 0 0 6 0 0 0
184 6 0 0 0 0 0 6 0 0 0 0 0 0
187 18 0 0 6 0 0 0 0 0 6 0 0 0
202 2 0 0 0 0 0 0 0 0 1 1 0 0
fn=_dl_start
48 2 0 0 0 0 0 0 0 0 0 0 0 0
49 6 0 0 2 0 0 0 0 0 0 0 0 0
50 6 1 1 0 0 0 0 0 0 0 0 0 0
51 1 0 0 1 0 0 0 0 0 0 0 0 0
53 11 1 1 4 0 0 0 0 0 0 0 0 0
56 4 0 0 0 0 0 0 0 0 2 2 0 0
61 8 1 1 0 0 0 0 0 0 3 1 0 0
63 2 0 0 1 0 0 0 0 0 0 0 0 0
64 2 0 0 0 0 0 0 0 0 0 0 0 0
65 1 0 0 1 0 0 0 0 0 0 0 0 0
fl=/usr/src/debug/glibc/glibc/elf/get-dynamic-info.h
fn=_dl_map_object_from_fd
39 6 1 1 0 0 0 0 0 0 3 0 0 0
43 6 0 0 0 0 0 0 0 0 0 0 0 0
45 309 0 0 78 22 22 0 0 0 78 3 0 0
49 150 0 0 0 0 0 0 0 0 75 35 0 0
51 38 0 0 0 0 0 0 0 0 19 4 0 0
52 19 0 0 0 0 0 0 0 0 0 0 0 0
53 3 0 0 0 0 0 0 0 0 0 0 0 0
54 64 0 0 0 0 0 0 0 0 16 3 0 0
55 52 0 0 0 0 0 0 0 0 0 0 0 0
56 15 1 1 0 0 0 0 0 0 3 0 0 0
59 12 0 0 0 0 0 0 0 0 3 2 0 0
62 12 1 1 0 0 0 0 0 0 3 0 0 0
64 12 1 1 0 0 0 0 0 0 0 0 0 0
68 75 0 0 0 0 0 75 21 21 0 0 0 0
72 12 1 1 3 0 0 0 0 0 6 0 0 0
84 9 0 0 3 0 0 0 0 0 3 2 0 0
85 10 0 0 4 0 0 0 0 0 3 3 0 0
86 12 1 1 6 0 0 0 0 0 3 0 0 0
87 12 0 0 6 0 0 0 0 0 3 0 0 0
88 15 0 0 6 0 0 0 0 0 3 0 0 0
89 10 0 0 4 0 0 0 0 0 3 2 0 0
90 11 0 0 5 1 1 0 0 0 3 1 0 0
91 12 1 1 6 0 0 0 0 0 3 0 0 0
103 24 0 0 6 0 0 3 0 0 6 0 0 0
110 9 0 0 3 0 0 0 0 0 3 2 0 0
115 2 0 0 1 0 0 0 0 0 1 0 0 0
123 9 1 1 6 0 0 0 0 0 3 0 0 0
129 9 0 0 3 0 0 0 0 0 3 0 0 0
130 9 0 0 6 0 0 0 0 0 3 0 0 0
147 9 1 1 3 0 0 0 0 0 3 0 0 0
152 6 0 0 3 0 0 3 1 1 0 0 0 0
154 6 0 0 0 0 0 0 0 0 3 3 0 0
156 6 0 0 0 0 0 0 0 0 3 3 0 0
158 6 0 0 0 0 0 0 0 0 3 0 0 0
159 3 0 0 0 0 0 3 0 0 0 0 0 0
162 9 0 0 3 0 0 0 0 0 3 0 0 0
164 9 1 1 3 0 0 3 0 0 0 0 0 0
165 6 0 0 0 0 0 0 0 0 3 2 0 0
174 9 0 0 6 0 0 0 0 0 0 0 0 0
175 9 1 1 0 0 0 0 0 0 3 2 0 0
180 6 0 0 0 0 0 0 0 0 3 0 0 0
181 6 0 0 3 0 0 3 0 0 0 0 0 0
184 6 1 1 3 0 0 0 0 0 3 2 0 0
fl=/usr/src/debug/glibc/glibc/elf/libc_early_init.c
fn=__libc_early_init
34 7 1 1 1 0 0 2 0 0 0 0 0 0
36 1 0 0 0 0 0 1 0 0 0 0 0 0
39 2 1 1 1 1 0 1 1 1 0 0 0 0
42 2 0 0 0 0 0 2 1 1 0 0 0 0
47 2 0 0 0 0 0 1 0 0 0 0 0 0
50 4 1 1 2 0 0 0 0 0 1 0 0 0
51 2 0 0 1 0 0 0 0 0 0 0 0 0
fl=/usr/src/debug/glibc/glibc/elf/rtld.c
fn=_dl_start
84 8 1 1 0 0 0 2 1 1 0 0 0 0
454 1 0 0 0 0 0 1 1 1 0 0 0 0
458 4 0 0 1 0 0 1 0 0 0 0 0 0
476 2 1 1 0 0 0 1 0 0 0 0 0 0
477 2 0 0 0 0 0 1 0 0 0 0 0 0
479 1 0 0 0 0 0 1 1 1 0 0 0 0
481 2 0 0 0 0 0 1 0 0 0 0 0 0
490 1 0 0 0 0 0 1 0 0 0 0 0 0
496 4 1 0 1 0 0 1 0 0 0 0 0 0
498 2 0 0 1 0 0 0 0 0 1 0 0 0
519 10 1 1 0 0 0 7 2 2 0 0 0 0
545 1 0 0 0 0 0 1 1 1 0 0 0 0
548 2 0 0 0 0 0 1 0 0 0 0 0 0
549 1 0 0 1 1 1 0 0 0 0 0 0 0
565 444 7 7 27 6 6 6 0 0 97 19 0 0
567 1 1 1 1 0 0 0 0 0 0 0 0 0
585 9 0 0 7 2 0 0 0 0 0 0 0 0
fn=dl_main
84 20 2 2 0 0 0 0 0 0 0 0 0 0
91 15 0 0 0 0 0 0 0 0 0 0 0 0
92 2 0 0 0 0 0 1 0 0 0 0 0 0
100 9 0 0 4 1 0 0 0 0 0 0 0 0
196 2 1 1 0 0 0 1 0 0 0 0 0 0
198 1 0 0 0 0 0 1 0 0 0 0 0 0
223 2 0 0 2 0 0 0 0 0 0 0 0 0
224 5 1 1 3 0 0 0 0 0 1 1 0 0
225 4 1 1 0 0 0 0 0 0 2 1 0 0
295 2 0 0 0 0 0 1 0 0 0 0 0 0
299 1 0 0 0 0 0 1 0 0 0 0 0 0
301 1 1 1 0 0 0 1 0 0 0 0 0 0
302 1 0 0 0 0 0 1 0 0 0 0 0 0
820 1 0 0 1 0 0 0 0 0 0 0 0 0
822 1 0 0 0 0 0 1 0 0 0 0 0 0
831 1 0 0 0 0 0 1 0 0 0 0 0 0
833 1 0 0 0 0 0 1 0 0 0 0 0 0
838 1 0 0 0 0 0 1 0 0 0 0 0 0
1094 1 0 0 1 0 0 0 0 0 0 0 0 0
1095 1 0 0 1 0 0 0 0 0 0 0 0 0
1097 1 0 0 0 0 0 0 0 0 0 0 0 0
1101 2 1 1 1 1 1 1 1 1 0 0 0 0
1103 1 0 0 1 0 0 0 0 0 0 0 0 0
1104 1 0 0 1 0 0 0 0 0 0 0 0 0
1119 1 0 0 0 0 0 0 0 0 0 0 0 0
1122 62 1 1 2 0 0 2 0 0 17 13 0 0
1123 146 1 1 27 9 9 1 0 0 36 8 11 6
1127 4 1 1 2 0 0 1 0 0 0 0 0 0
1132 3 0 0 2 0 0 1 0 0 0 0 0 0
1133 9 0 0 2 0 0 1 0 0 0 0 0 0
1142 1 0 0 0 0 0 1 0 0 0 0 0 0
1143 2 0 0 2 1 1 0 0 0 0 0 0 0
1145 2 1 1 0 0 0 1 0 0 0 0 0 0
1147 1 0 0 0 0 0 0 0 0 0 0 0 0
1155 8 0 0 4 0 0 0 0 0 0 0 0 0
1156 24 2 2 8 1 1 0 0 0 0 0 0 0
1157 8 0 0 4 0 0 0 0 0 4 3 0 0
1158 1 0 0 0 0 0 1 0 0 0 0 0 0
1160 12 0 0 4 0 0 0 0 0 0 0 0 0
1161 14 0 0 0 0 0 0 0 0 7 3 0 0
1165 8 0 0 4 3 3 0 0 0 0 0 0 0
1166 8 1 1 4 0 0 0 0 0 4 0 0 0
1167 4 0 0 0 0 0 4 0 0 0 0 0 0
1171 8 0 0 0 0 0 0 0 0 0 0 0 0
1177 3 1 1 1 1 1 0 0 0 1 0 0 0
1183 3 1 1 0 0 0 1 1 1 0 0 0 0
1184 1 0 0 1 0 0 0 0 0 0 0 0 0
1189 4 0 0 0 0 0 0 0 0 0 0 0 0
1190 2 0 0 1 0 0 1 0 0 0 0 0 0
1191 1 0 0 0 0 0 1 0 0 0 0 0 0
1194 2 0 0 0 0 0 2 1 1 0 0 0 0
1203 3 0 0 2 0 0 1 0 0 0 0 0 0
1209 32 0 0 0 0 0 0 0 0 16 1 0 0
1210 74 1 1 16 0 0 0 0 0 29 16 0 0
1216 20 0 0 0 0 0 1 0 0 0 0 0 0
1222 3 0 0 1 0 0 0 0 0 1 0 0 0
1224 2 1 1 1 0 0 1 0 0 0 0 0 0
1225 2 0 0 1 0 0 0 0 0 1 1 0 0
1227 2 0 0 1 0 0 0 0 0 1 0 0 0
1252 2 0 0 1 1 1 0 0 0 1 0 0 0
1253 2 0 0 1 0 0 0 0 0 1 0 0 0
1255 2 1 1 1 0 0 0 0 0 0 0 0 0
1257 1 0 0 0 0 0 1 1 1 0 0 0 0
1258 3 0 0 1 0 0 1 0 0 0 0 0 0
1261 1 0 0 1 0 0 0 0 0 0 0 0 0
1267 1 0 0 0 0 0 0 0 0 0 0 0 0
1268 30 0 0 0 0 0 0 0 0 13 4 0 0
1269 12 0 0 0 0 0 0 0 0 0 0 0 0
1270 24 1 1 12 7 7 0 0 0 12 8 0 0
1272 16 0 0 5 2 2 0 0 0 0 0 0 0
1273 8 0 0 4 0 0 0 0 0 4 0 0 0
1274 16 0 0 0 0 0 0 0 0 4 4 0 0
1279 12 1 1 4 1 1 0 0 0 0 0 0 0
1286 3 0 0 0 0 0 0 0 0 1 1 0 0
1287 2 0 0 1 0 0 0 0 0 1 1 0 0
1289 3 1 1 2 1 1 1 0 0 0 0 0 0
1356 17 1 1 1 0 0 10 1 1 0 0 0 0
1361 1 0 0 0 0 0 0 0 0 0 0 0 0
1362 1 0 0 0 0 0 1 0 0 0 0 0 0
1368 2 0 0 0 0 0 1 1 1 0 0 0 0
1378 3 0 0 2 0 0 1 0 0 0 0 0 0
1379 4 1 1 2 0 0 0 0 0 1 1 0 0
1646 9 2 2 0 0 0 1 0 0 0 0 0 0
1648 2 0 0 0 0 0 0 0 0 1 0 0 0
1649 1 0 0 0 0 0 1 0 0 0 0 0 0
1650 2 0 0 1 0 0 1 0 0 0 0 0 0
1651 3 0 0 2 0 0 1 0 0 0 0 0 0
1655 3 1 1 0 0 0 1 0 0 0 0 0 0
1656 2 0 0 1 0 0 0 0 0 1 0 0 0
1679 1 0 0 0 0 0 1 0 0 0 0 0 0
1685 3 0 0 1 0 0 0 0 0 1 0 0 0
1686 7 0 0 2 0 0 2 0 0 1 1 0 0
1689 1 0 0 0 0 0 1 1 1 0 0 0 0
1690 1 1 1 0 0 0 1 0 0 0 0 0 0
1691 1 0 0 0 0 0 1 0 0 0 0 0 0
1693 3 1 1 2 0 0 0 0 0 1 0 0 0
1694 3 0 0 0 0 0 1 0 0 0 0 0 0
1699 2 1 1 1 0 0 0 0 0 1 0 0 0
1701 2 0 0 0 0 0 0 0 0 1 0 0 0
1714 2 1 1 0 0 0 1 0 0 0 0 0 0
1717 2 0 0 1 0 0 0 0 0 1 0 0 0
1742 4 0 0 1 0 0 1 0 0 0 0 0 0
1744 1 0 0 0 0 0 1 0 0 0 0 0 0
1749 2 0 0 1 0 0 0 0 0 1 1 0 0
1752 4 1 1 2 0 0 1 0 0 0 0 0 0
1753 4 1 1 1 0 0 1 0 0 0 0 0 0
1754 2 0 0 1 0 0 1 0 0 0 0 0 0
1755 1 0 0 0 0 0 1 0 0 0 0 0 0
1756 1 0 0 1 0 0 0 0 0 0 0 0 0
1757 1 0 0 1 0 0 0 0 0 0 0 0 0
1762 2 1 1 1 1 1 0 0 0 1 1 0 0
1771 2 1 1 1 0 0 0 0 0 1 0 0 0
1775 1 0 0 0 0 0 0 0 0 0 0 0 0
1776 2 0 0 1 0 0 0 0 0 1 0 0 0
1800 2 1 1 0 0 0 2 0 0 0 0 0 0
1806 3 0 0 0 0 0 1 0 0 0 0 0 0
1807 1 0 0 0 0 0 0 0 0 0 0 0 0
1811 3 0 0 0 0 0 1 0 0 0 0 0 0
1816 2 0 0 1 0 0 0 0 0 1 0 0 0
1818 1 0 0 0 0 0 0 0 0 0 0 0 0
1820 2 1 1 1 0 0 0 0 0 1 1 0 0
1824 5 0 0 1 0 0 1 0 0 0 0 0 0
1829 2 0 0 1 0 0 0 0 0 1 0 0 0
1845 5 0 0 0 0 0 1 0 0 1 0 0 0
1921 3 0 0 1 0 0 0 0 0 1 1 0 0
1925 19 4 4 1 0 0 0 0 0 2 1 0 0
1926 1 0 0 0 0 0 0 0 0 0 0 0 0
1929 3 0 0 0 0 0 1 0 0 0 0 0 0
1930 1 0 0 1 0 0 0 0 0 0 0 0 0
1931 2 0 0 0 0 0 0 0 0 1 0 0 0
1932 2 0 0 0 0 0 0 0 0 1 0 0 0
1937 3 1 1 1 0 0 0 0 0 1 1 0 0
1947 8 0 0 1 0 0 1 0 0 0 0 0 0
1953 23 0 0 1 0 0 0 0 0 6 4 0 0
1954 10 1 1 10 0 0 0 0 0 0 0 0 0
1957 3 1 1 2 0 0 1 0 0 0 0 0 0
1958 2 0 0 0 0 0 0 0 0 1 0 0 0
1959 1 0 0 0 0 0 1 0 0 0 0 0 0
1961 25 3 3 0 0 0 0 0 0 5 1 0 0
1962 17 2 2 5 1 0 0 0 0 4 1 0 0
1969 5 0 0 2 0 0 1 0 0 0 0 0 0
1970 3 1 1 1 0 0 0 0 0 1 0 0 0
1972 2 0 0 0 0 0 1 0 0 0 0 0 0
1974 2 0 0 0 0 0 0 0 0 1 1 0 0
1976 3 1 1 1 0 0 0 0 0 1 1 0 0
1990 6 1 1 0 0 0 0 0 0 1 0 0 0
1991 2 0 0 1 0 0 1 0 0 0 0 0 0
1992 3 0 0 1 0 0 0 0 0 1 1 0 0
2002 1 1 1 0 0 0 1 1 0 0 0 0 0
2003 4 0 0 0 0 0 1 0 0 0 0 0 0
2004 5 0 0 0 0 0 1 0 0 0 0 0 0
2014 2 0 0 1 0 0 1 0 0 0 0 0 0
2015 2 1 1 1 0 0 0 0 0 1 1 0 0
2016 4 1 1 0 0 0 2 0 0 0 0 0 0
2018 2 0 0 0 0 0 0 0 0 1 0 0 0
2023 3 1 1 1 0 0 0 0 0 1 0 0 0
2222 2 0 0 0 0 0 1 0 0 0 0 0 0
2226 2 0 0 1 0 0 1 0 0 0 0 0 0
2232 2 0 0 1 0 0 1 0 0 0 0 0 0
2235 2 1 1 1 0 0 0 0 0 1 0 0 0
2243 2 0 0 2 0 0 0 0 0 0 0 0 0
2247 3 1 1 1 0 0 0 0 0 0 0 0 0
2250 1 0 0 1 1 0 0 0 0 0 0 0 0
2255 2 0 0 1 0 0 0 0 0 1 0 0 0
2259 7 1 1 2 0 0 1 0 0 0 0 0 0
2260 1 0 0 1 0 0 0 0 0 0 0 0 0
2268 1 0 0 1 0 0 0 0 0 0 0 0 0
2269 23 1 1 1 1 0 1 1 0 6 1 0 0
2271 10 0 0 10 2 0 0 0 0 0 0 0 0
2276 10 0 0 10 5 0 0 0 0 0 0 0 0
2278 12 0 0 0 0 0 0 0 0 6 1 0 0
2280 1 1 1 0 0 0 1 0 0 0 0 0 0
2281 1 0 0 1 0 0 0 0 0 0 0 0 0
2284 5 0 0 5 0 0 0 0 0 0 0 0 0
2286 40 1 1 10 5 1 5 0 0 0 0 0 0
2290 14 0 0 7 4 0 0 0 0 7 1 0 0
2291 6 1 1 0 0 0 2 0 0 0 0 0 0
2298 1 0 0 0 0 0 1 0 0 0 0 0 0
2304 2 0 0 1 0 0 0 0 0 1 0 0 0
2308 4 1 1 2 0 0 0 0 0 2 0 0 0
2310 1 0 0 1 0 0 0 0 0 0 0 0 0
2317 4 0 0 1 0 0 1 0 0 0 0 0 0
2320 2 0 0 1 0 0 0 0 0 1 0 0 0
2324 3 1 1 2 1 0 0 0 0 1 0 0 0
2327 1 0 0 0 0 0 1 0 0 0 0 0 0
2332 2 0 0 1 0 0 0 0 0 1 0 0 0
2336 5 1 1 2 0 0 1 0 0 0 0 0 0
2339 1 0 0 0 0 0 1 0 0 0 0 0 0
2340 2 0 0 0 0 0 1 0 0 0 0 0 0
2343 2 1 1 0 0 0 1 0 0 0 0 0 0
2347 2 0 0 1 0 0 1 0 0 0 0 0 0
2352 3 0 0 1 0 0 1 0 0 0 0 0 0
2359 1 0 0 0 0 0 1 0 0 0 0 0 0
2363 3 0 0 0 0 0 1 0 0 0 0 0 0
2364 3 0 0 0 0 0 1 0 0 0 0 0 0
2365 1 0 0 0 0 0 0 0 0 0 0 0 0
2368 3 1 0 0 0 0 1 0 0 0 0 0 0
2372 1 0 0 0 0 0 1 0 0 0 0 0 0
2377 10 0 0 8 2 0 0 0 0 0 0 0 0
2513 1 0 0 1 0 0 0 0 0 0 0 0 0
2584 1 1 1 0 0 0 1 1 1 0 0 0 0
2586 1 0 0 0 0 0 0 0 0 0 0 0 0
2588 10 0 0 0 0 0 2 0 0 2 1 0 0
2590 1 0 0 0 0 0 0 0 0 0 0 0 0
2592 42 0 0 8 0 0 0 0 0 15 4 0 0
2593 7 1 1 0 0 0 0 0 0 0 0 0 0
2601 8 0 0 1 1 1 0 0 0 1 0 1 1
2626 2 1 1 1 0 0 0 0 0 1 0 0 0
2636 4 1 1 2 0 0 0 0 0 2 1 0 0
2638 2 0 0 0 0 0 1 0 0 0 0 0 0
2639 1 0 0 0 0 0 0 0 0 0 0 0 0
2712 2 0 0 1 0 0 0 0 0 1 1 0 0
2722 5 1 1 1 0 0 0 0 0 1 0 0 0
2745 4 0 0 1 0 0 1 0 0 1 0 0 0
fn=handle_preload_list
182 3 0 0 1 0 0 0 0 0 1 0 0 0
789 1 0 0 0 0 0 1 0 0 0 0 0 0
793 1 0 0 0 0 0 1 0 0 0 0 0 0
794 1 1 1 0 0 0 1 0 0 0 0 0 0
795 1 0 0 0 0 0 1 0 0 0 0 0 0
797 3 0 0 1 0 0 0 0 0 0 0 0 0
799 6 0 0 0 0 0 1 0 0 0 0 0 0
800 3 0 0 1 0 0 0 0 0 1 0 0 0
808 3 0 0 1 0 0 0 0 0 0 0 0 0
852 10 1 1 1 1 1 6 0 0 0 0 0 0
853 1 0 0 0 0 0 0 0 0 0 0 0 0
857 7 1 1 2 0 0 1 1 1 2 0 0 0
860 4 1 1 0 0 0 1 0 0 0 0 0 0
861 3 0 0 0 0 0 0 0 0 1 0 0 0
863 5 1 1 0 0 0 1 0 0 0 0 0 0
864 2 0 0 0 0 0 1 0 0 0 0 0 0
870 1 0 0 0 0 0 0 0 0 0 0 0 0
872 2 0 0 1 0 0 0 0 0 0 0 0 0
874 2 0 0 1 0 0 0 0 0 1 1 0 0
875 1 0 0 0 0 0 0 0 0 0 0 0 0
878 9 1 1 7 0 0 0 0 0 0 0 0 0
fn=init_tls
734 2 1 1 0 0 0 1 0 0 0 0 0 0
736 2 0 0 1 0 0 1 0 0 0 0 0 0
740 2 0 0 1 0 0 0 0 0 1 0 0 0
746 2 0 0 0 0 0 1 0 0 0 0 0 0
749 1 0 0 0 0 0 1 0 0 0 0 0 0
750 1 0 0 0 0 0 0 0 0 0 0 0 0
751 1 1 1 0 0 0 0 0 0 0 0 0 0
756 1 0 0 0 0 0 1 0 0 0 0 0 0
759 2 0 0 0 0 0 1 0 0 0 0 0 0
762 1 0 0 0 0 0 1 0 0 0 0 0 0
769 2 0 0 0 0 0 1 0 0 0 0 0 0
770 2 0 0 0 0 0 0 0 0 1 0 0 0
776 2 1 1 1 0 0 1 0 0 0 0 0 0
780 1 0 0 0 0 0 1 0 0 0 0 0 0
782 1 0 0 1 0 0 0 0 0 0 0 0 0
783 4 1 1 2 0 0 0 0 0 0 0 0 0
fn=map_doit
641 3 1 1 0 0 0 1 0 0 0 0 0 0
643 4 0 0 1 0 0 0 0 0 0 0 0 0
644 6 0 0 2 0 0 2 0 0 0 0 0 0
646 2 0 0 2 0 0 0 0 0 0 0 0 0
fn=version_check_doit
674 3 1 1 0 0 0 1 0 0 0 0 0 0
676 6 0 0 2 0 0 1 0 0 1 1 0 0
680 2 0 0 2 0 0 0 0 0 0 0 0 0
fl=/usr/src/debug/glibc/glibc/io/../sysdeps/unix/sysv/linux/access.c
fn=access
25 1 0 0 0 0 0 0 0 0 0 0 0 0
27 7 0 0 0 0 0 1 0 0 1 1 0 0
31 1 0 0 1 0 0 0 0 0 0 0 0 0
fl=/usr/src/debug/glibc/glibc/io/../sysdeps/unix/sysv/linux/close_nocancel.c
fn=__GI___close_nocancel
25 4 1 1 0 0 0 0 0 0 0 0 0 0
26 16 1 1 0 0 0 0 0 0 4 0 0 0
27 4 0 0 4 0 0 0 0 0 0 0 0 0
fl=/usr/src/debug/glibc/glibc/io/../sysdeps/unix/sysv/linux/fstat64.c
fn=fstat
30 4 1 1 0 0 0 0 0 0 0 0 0 0
39 16 1 1 0 0 0 0 0 0 4 0 0 0
72 4 0 0 4 0 0 0 0 0 0 0 0 0
fl=/usr/src/debug/glibc/glibc/io/../sysdeps/unix/sysv/linux/fstatat64.c
fn=fstatat
91 6 0 0 0 0 0 0 0 0 0 0 0 0
146 6 0 0 0 0 0 0 0 0 0 0 0 0
160 4 1 1 0 0 0 2 0 0 0 0 0 0
161 11 0 0 2 0 0 0 0 0 3 3 0 0
162 1 0 0 1 0 0 0 0 0 0 0 0 0
fl=/usr/src/debug/glibc/glibc/io/../sysdeps/unix/sysv/linux/open64_nocancel.c
fn=__open_nocancel
28 16 1 1 0 0 0 8 1 1 0 0 0 0
31 56 1 1 0 0 0 0 0 0 16 0 0 0
39 68 1 1 0 0 0 4 0 0 8 2 0 0
41 8 0 0 8 0 0 0 0 0 0 0 0 0
fl=/usr/src/debug/glibc/glibc/io/../sysdeps/unix/sysv/linux/pread64_nocancel.c
fn=__pread64_nocancel
25 4 0 0 0 0 0 0 0 0 0 0 0 0
26 8 0 0 0 0 0 0 0 0 2 0 0 0
27 2 0 0 2 0 0 0 0 0 0 0 0 0
fl=/usr/src/debug/glibc/glibc/io/../sysdeps/unix/sysv/linux/read_nocancel.c
fn=__read_nocancel
25 3 1 1 0 0 0 0 0 0 0 0 0 0
26 12 0 0 0 0 0 0 0 0 3 0 0 0
27 3 0 0 3 0 0 0 0 0 0 0 0 0
fl=/usr/src/debug/glibc/glibc/io/../sysdeps/unix/sysv/linux/stat64.c
fn=stat
28 6 0 0 0 0 0 0 0 0 0 0 0 0
29 12 0 0 0 0 0 0 0 0 0 0 0 0
fl=/usr/src/debug/glibc/glibc/libio/genops.c
fn=_IO_cleanup
810 5 1 1 0 0 0 3 0 0 0 0 0 0
811 8 1 1 3 0 0 2 0 0 1 1 0 0
814 13 1 1 4 0 0 1 0 0 4 2 0 0
818 3 1 1 0 0 0 3 0 0 0 0 0 0
819 37 3 3 16 0 0 6 0 0 6 2 0 0
827 6 1 1 3 0 0 0 0 0 3 3 0 0
829 9 1 1 3 0 0 0 0 0 3 3 0 0
832 9 1 1 3 0 0 0 0 0 3 1 0 0
834 6 0 0 2 0 0 0 0 0 2 2 0 0
854 3 0 0 0 0 0 3 0 0 0 0 0 0
856 36 0 0 12 0 0 6 0 0 9 2 0 0
857 3 0 0 0 0 0 3 0 0 0 0 0 0
861 8 1 1 2 0 0 2 0 0 2 1 0 0
862 2 0 0 0 0 0 1 0 0 0 0 0 0
882 7 1 1 1 0 0 3 0 0 0 0 0 0
883 2 0 0 0 0 0 1 0 0 0 0 0 0
895 8 0 0 5 0 0 0 0 0 1 0 0 0
fn=_IO_flush_all
713 7 2 2 1 0 0 3 0 0 0 0 0 0
714 2 0 0 0 0 0 0 0 0 0 0 0 0
718 5 0 0 0 0 0 3 0 0 0 0 0 0
719 8 2 2 3 1 1 2 0 0 1 1 0 0
722 13 1 1 4 0 0 1 0 0 4 2 0 0
724 3 1 1 0 0 0 3 0 0 0 0 0 0
725 37 2 2 16 3 2 6 0 0 6 5 0 0
727 18 1 1 9 2 2 0 0 0 6 0 0 0
734 9 0 0 3 0 0 0 0 0 3 0 0 0
735 12 1 1 6 0 0 0 0 0 3 0 0 0
742 36 1 1 15 0 0 6 0 0 9 0 0 0
743 3 0 0 0 0 0 3 0 0 0 0 0 0
747 8 1 1 2 0 0 2 0 0 2 1 0 0
748 2 0 0 0 0 0 1 0 0 0 0 0 0
752 8 0 0 5 0 0 0 0 0 1 0 0 0
fl=/usr/src/debug/glibc/glibc/libio/libioP.h
fn=_IO_cleanup
1037 2 0 0 0 0 0 0 0 0 0 0 0 0
fn=_IO_flush_all
1037 2 1 1 0 0 0 0 0 0 0 0 0 0
fl=/usr/src/debug/glibc/glibc/libio/stdfiles.c
fn=_IO_stdfiles_init
64 1 0 0 0 0 0 0 0 0 0 0 0 0
66 3 0 0 1 1 0 0 0 0 0 0 0 0
67 8 0 0 0 0 0 0 0 0 4 2 0 0
68 6 0 0 3 3 0 0 0 0 0 0 0 0
69 3 1 1 0 0 0 3 1 0 0 0 0 0
70 1 0 0 1 0 0 0 0 0 0 0 0 0
fl=/usr/src/debug/glibc/glibc/libio/vtables.c
fn=check_stdfiles_vtables
545 1 0 0 0 0 0 0 0 0 0 0 0 0
546 4 1 1 2 2 0 0 0 0 1 1 0 0
547 3 0 0 2 1 0 0 0 0 1 0 0 0
548 3 1 1 2 1 0 0 0 0 1 0 0 0
550 1 0 0 1 0 0 0 0 0 0 0 0 0
fl=/usr/src/debug/glibc/glibc/malloc/../sysdeps/unix/sysv/linux/not-cancel.h
fn=__ptmalloc_init
96 11 1 1 0 0 0 2 0 0 0 0 0 0
fl=/usr/src/debug/glibc/glibc/malloc/arena.c
fn=__ptmalloc_init
251 15 2 2 1 0 0 4 0 0 0 0 0 0
275 2 0 0 1 0 0 0 0 0 1 1 0 0
288 5 1 1 2 2 1 1 0 0 0 0 0 0
292 5 1 1 1 0 0 1 0 0 0 0 1 1
293 4 0 0 1 0 0 1 0 0 0 0 1 1
294 4 0 0 1 0 0 1 0 0 0 0 1 1
295 4 1 1 1 0 0 1 0 0 0 0 1 1
296 4 0 0 1 0 0 1 0 0 0 0 1 1
297 4 0 0 1 0 0 1 0 0 0 0 1 1
298 4 1 1 1 0 0 1 0 0 0 0 1 1
300 4 0 0 1 0 0 1 0 0 0 0 1 1
301 4 0 0 1 0 0 1 0 0 0 0 1 1
302 4 1 1 1 0 0 1 0 0 0 0 1 1
305 4 0 0 1 0 0 1 0 0 0 0 1 1
307 4 0 0 1 1 1 0 0 0 1 0 0 0
317 8 0 0 6 0 0 0 0 0 1 0 0 0
fl=/usr/src/debug/glibc/glibc/malloc/malloc.c
fn=__ptmalloc_init
1853 105 2 2 0 0 0 0 0 0 31 9 0 0
1855 313 1 1 1 1 1 0 0 0 0 0 0 0
1856 66 0 0 2 0 0 64 33 32 0 0 0 0
1864 2 0 0 0 0 0 1 0 0 0 0 0 0
2960 2 0 0 0 0 0 0 0 0 1 1 0 0
2974 3 2 2 1 1 1 0 0 0 0 0 0 0
2975 1 0 0 0 0 0 0 0 0 0 0 0 0
2976 5 0 0 0 0 0 0 0 0 2 0 0 0
fl=/usr/src/debug/glibc/glibc/malloc/scratch_buffer_set_array_size.c
fn=__libc_scratch_buffer_set_array_size
30 30 1 1 0 0 0 6 0 0 0 0 0 0
34 3 0 0 0 0 0 0 0 0 0 0 0 0
35 6 0 0 0 0 0 0 0 0 3 2 0 0
45 6 0 0 3 0 0 0 0 0 3 2 0 0
46 3 0 0 0 0 0 0 0 0 0 0 0 0
63 12 1 1 9 0 0 0 0 0 0 0 0 0
fl=/usr/src/debug/glibc/glibc/misc/../sysdeps/unix/sysv/linux/mmap64.c
fn=mmap
47 80 2 2 0 0 0 32 1 1 0 0 0 0
50 32 0 0 0 0 0 0 0 0 16 0 0 0
53 68 1 1 3 0 0 0 0 0 25 8 0 0
58 96 0 0 0 0 0 0 0 0 16 0 0 0
60 48 0 0 48 0 0 0 0 0 0 0 0 0
fl=/usr/src/debug/glibc/glibc/misc/../sysdeps/unix/sysv/linux/setvmaname.c
fn=__is_decorate_maps_enabled
33 1 1 1 0 0 0 0 0 0 0 0 0 0
34 3 0 0 1 0 0 0 0 0 1 1 0 0
43 1 0 0 0 0 0 0 0 0 0 0 0 0
50 1 0 0 1 0 0 0 0 0 0 0 0 0
fn=__set_vma_name
34 8 0 0 2 0 0 0 0 0 3 2 0 0
37 12 0 0 4 0 0 3 0 0 1 0 0 0
42 1 1 1 0 0 0 1 0 0 0 0 0 0
60 6 1 1 0 0 0 0 0 0 0 0 0 0
70 4 1 1 2 0 0 1 0 0 0 0 0 0
fl=/usr/src/debug/glibc/glibc/misc/init-misc.c
fn=__init_misc
30 2 1 1 0 0 0 0 0 0 0 0 0 0
31 5 1 1 1 0 0 0 0 0 2 0 0 0
33 5 0 0 0 0 0 3 0 0 0 0 0 0
37 6 0 0 2 0 0 1 1 0 0 0 0 0
38 4 1 1 3 0 0 1 0 0 0 0 0 0
40 2 0 0 1 0 0 0 0 0 0 0 0 0
fl=/usr/src/debug/glibc/glibc/nptl/libc-cleanup.c
fn=__libc_cleanup_pop_restore
54 2 0 0 0 0 0 0 0 0 0 0 0 0
55 2 0 0 2 0 0 0 0 0 0 0 0 0
57 4 1 1 2 0 0 2 0 0 0 0 0 0
59 4 0 0 2 0 0 0 0 0 0 0 0 0
60 6 0 0 2 0 0 0 0 0 2 2 0 0
71 2 0 0 2 0 0 0 0 0 0 0 0 0
fn=__libc_cleanup_push_defer
24 2 1 1 0 0 0 0 0 0 0 0 0 0
25 2 0 0 2 0 0 0 0 0 0 0 0 0
27 4 0 0 2 0 0 2 0 0 0 0 0 0
29 4 1 1 2 0 0 0 0 0 0 0 0 0
32 4 0 0 0 0 0 0 0 0 2 0 0 0
46 6 0 0 0 0 0 2 0 0 0 0 0 0
48 2 0 0 0 0 0 2 0 0 0 0 0 0
49 2 0 0 2 0 0 0 0 0 0 0 0 0
fl=/usr/src/debug/glibc/glibc/nptl/pthread_mutex_conf.c
fn=__pthread_tunables_init
55 2 1 1 0 0 0 0 0 0 0 0 0 0
56 6 1 1 2 1 0 2 0 0 0 0 1 1
58 4 0 0 1 0 0 1 0 0 0 0 1 1
60 4 0 0 1 0 0 1 0 0 0 0 1 1
62 5 1 1 3 0 0 0 0 0 1 0 0 0
fl=/usr/src/debug/glibc/glibc/nptl/pthread_mutex_lock.c
fn=pthread_mutex_lock@@GLIBC_2.2.5
44 1 1 1 1 0 0 0 0 0 0 0 0 0
45 7 1 1 2 1 0 0 0 0 3 0 0 0
46 2 0 0 0 0 0 1 0 0 0 0 0 0
71 2 2 2 0 0 0 0 0 0 0 0 0 0
74 1 0 0 1 0 0 0 0 0 0 0 0 0
76 1 0 0 0 0 0 0 0 0 0 0 0 0
78 3 0 0 0 0 0 0 0 0 1 0 0 0
81 1 0 0 1 0 0 0 0 0 0 0 0 0
83 2 0 0 0 0 0 0 0 0 1 0 0 0
90 2 1 1 0 0 0 0 0 0 1 0 0 0
95 2 0 0 1 0 0 0 0 0 1 1 0 0
104 1 0 0 0 0 0 0 0 0 0 0 0 0
110 3 0 0 1 0 0 0 0 0 1 0 0 0
111 2 0 0 0 0 0 1 0 0 0 0 0 0
158 1 0 0 0 0 0 1 0 0 0 0 0 0
160 1 0 0 1 0 0 0 0 0 0 0 0 0
163 1 0 0 0 0 0 0 0 0 0 0 0 0
166 2 0 0 1 0 0 0 0 0 0 0 0 0
fl=/usr/src/debug/glibc/glibc/nptl/pthread_mutex_unlock.c
fn=pthread_mutex_unlock@@GLIBC_2.2.5
39 1 0 0 1 0 0 0 0 0 0 0 0 0
40 4 0 0 1 0 0 0 0 0 2 0 0 0
41 1 0 0 0 0 0 1 0 0 0 0 0 0
51 1 0 0 1 0 0 0 0 0 0 0 0 0
52 2 0 0 0 0 0 0 0 0 1 1 0 0
55 2 0 0 0 0 0 0 0 0 1 1 0 0
60 1 0 0 0 0 0 1 0 0 0 0 0 0
63 1 0 0 1 0 0 0 0 0 0 0 0 0
68 1 0 0 0 0 0 0 0 0 0 0 0 0
70 1 0 0 0 0 0 0 0 0 0 0 0 0
72 2 1 1 0 0 0 0 0 0 1 0 0 0
75 3 0 0 2 0 0 0 0 0 1 0 0 0
78 2 0 0 1 0 0 0 0 0 1 1 0 0
357 2 2 2 0 0 0 0 0 0 0 0 0 0
359 2 0 0 1 0 0 0 0 0 0 0 0 0
fl=/usr/src/debug/glibc/glibc/posix/../malloc/dynarray-skeleton.c
fn=__unregister_atfork
243 2 0 0 2 1 1 0 0 0 0 0 0 0
fl=/usr/src/debug/glibc/glibc/posix/../sysdeps/unix/sysv/linux/_exit.c
fn=_Exit
27 3 1 1 1 0 0 0 0 0 0 0 0 0
30 2 0 0 0 0 0 0 0 0 0 0 0 0
fl=/usr/src/debug/glibc/glibc/posix/register-atfork.c
fn=__unregister_atfork
71 4 1 1 0 0 0 0 0 0 2 2 0 0
82 10 1 1 0 0 0 2 0 0 0 0 0 0
83 8 0 0 2 1 1 0 0 0 2 0 0 0
109 8 1 1 4 0 0 0 0 0 4 1 0 0
110 4 0 0 4 0 0 0 0 0 0 0 0 0
fl=/usr/src/debug/glibc/glibc/resource/../sysdeps/unix/sysv/linux/getrlimit64.c
fn=getrlimit
38 2 1 1 0 0 0 0 0 0 0 0 0 0
39 7 0 0 0 0 0 0 0 0 1 0 0 0
40 1 0 0 1 0 0 0 0 0 0 0 0 0
fl=/usr/src/debug/glibc/glibc/setjmp/sigjmp.c
fn=__sigjmp_save
28 1 0 0 0 0 0 0 0 0 0 0 0 0
29 1 0 0 0 0 0 1 0 0 0 0 0 0
30 2 0 0 0 0 0 0 0 0 1 0 0 0
34 2 0 0 1 0 0 0 0 0 0 0 0 0
fl=/usr/src/debug/glibc/glibc/stdlib/../sysdeps/unix/sysv/linux/getrandom.c
fn=__getrandom_early_init
238 5 2 2 1 0 0 1 0 0 0 0 0 0
241 6 0 0 2 1 0 0 0 0 2 1 0 0
278 5 1 1 3 0 0 0 0 0 1 0 0 0
fl=/usr/src/debug/glibc/glibc/stdlib/cxa_atexit.c
fn=__cxa_atexit
41 2 0 0 0 0 0 0 0 0 1 0 0 0
43 8 1 1 1 1 0 0 0 0 1 0 0 0
44 2 0 0 0 0 0 1 0 0 0 0 0 0
46 2 0 0 0 0 0 0 0 0 1 0 0 0
52 3 0 0 1 0 0 0 0 0 0 0 0 0
53 1 0 0 0 0 0 1 0 0 0 0 0 0
54 1 0 0 0 0 0 1 1 0 0 0 0 0
55 1 0 0 0 0 0 1 0 0 0 0 0 0
56 1 1 1 0 0 0 1 0 0 0 0 0 0
57 5 0 0 2 0 0 0 0 0 2 0 0 0
58 1 0 0 0 0 0 0 0 0 0 0 0 0
67 4 1 1 0 0 0 3 0 0 0 0 0 0
69 4 0 0 4 0 0 0 0 0 0 0 0 0
fn=__new_exitfn
80 2 1 1 0 0 0 0 0 0 0 0 0 0
81 2 0 0 0 0 0 0 0 0 0 0 0 0
86 2 0 0 1 1 1 0 0 0 1 1 0 0
91 9 0 0 2 1 0 0 0 0 2 1 0 0
93 4 1 1 1 0 0 0 0 0 1 0 0 0
101 1 0 0 0 0 0 1 0 0 0 0 0 0
122 1 1 1 0 0 0 0 0 0 0 0 0 0
123 1 1 1 0 0 0 1 0 0 0 0 0 0
134 1 0 0 0 0 0 0 0 0 0 0 0 0
136 1 0 0 0 0 0 1 0 0 0 0 0 0
137 1 0 0 1 0 0 0 0 0 0 0 0 0
141 3 0 0 1 0 0 0 0 0 0 0 0 0
fl=/usr/src/debug/glibc/glibc/stdlib/cxa_finalize.c
fn=__cxa_finalize
45 18 1 1 0 0 0 12 0 0 0 0 0 0
48 14 0 0 2 0 0 0 0 0 4 1 0 0
51 14 2 2 4 0 0 0 0 0 4 0 0 0
55 14 0 0 2 0 0 0 0 0 2 0 0 0
108 14 2 2 4 1 0 0 0 0 4 0 0 0
112 12 0 0 2 1 0 0 0 0 2 2 0 0
120 4 0 0 0 0 0 2 0 0 0 0 0 0
121 8 0 0 4 0 0 0 0 0 4 0 0 0
122 16 1 1 14 0 0 0 0 0 0 0 0 0
fl=/usr/src/debug/glibc/glibc/stdlib/cxa_thread_atexit_impl.c
fn=__call_tls_dtors
148 4 1 1 0 0 0 2 0 0 0 0 0 0
149 4 1 1 2 0 0 0 0 0 1 1 0 0
165 4 1 1 3 0 0 0 0 0 0 0 0 0
fl=/usr/src/debug/glibc/glibc/stdlib/exit.c
fn=__run_exit_handlers
45 11 1 1 0 0 0 7 0 0 0 0 0 0
47 9 1 1 4 0 0 1 0 0 2 0 0 0
50 2 0 0 0 0 0 0 0 0 1 1 0 0
51 2 1 1 0 0 0 1 0 0 0 0 0 0
53 7 0 0 1 0 0 0 0 0 1 0 0 0
64 1 1 1 1 0 0 0 0 0 0 0 0 0
66 2 0 0 0 0 0 0 0 0 1 0 0 0
70 1 0 0 0 0 0 1 0 0 0 0 0 0
74 6 0 0 2 0 0 0 0 0 2 0 0 0
76 3 0 0 0 0 0 1 0 0 0 0 0 0
77 2 0 0 1 0 0 0 0 0 0 0 0 0
79 5 1 1 1 0 0 0 0 0 2 1 0 0
111 1 0 0 0 0 0 1 0 0 0 0 0 0
112 1 1 1 1 0 0 0 0 0 0 0 0 0
113 1 0 0 1 1 0 0 0 0 0 0 0 0
114 3 0 0 1 0 0 0 0 0 0 0 0 0
117 4 0 0 2 0 0 0 0 0 2 0 0 0
118 3 0 0 0 0 0 1 0 0 0 0 1 1
119 4 1 1 1 0 0 0 0 0 1 1 0 0
123 3 1 1 1 0 0 0 0 0 1 0 0 0
129 2 0 0 1 0 0 1 0 0 0 0 0 0
130 2 0 0 0 0 0 0 0 0 1 1 0 0
136 4 1 1 2 0 0 0 0 0 2 0 0 0
138 2 0 0 1 0 0 0 0 0 1 1 0 0
139 2 1 1 0 0 0 1 0 0 0 0 0 0
141 2 0 0 0 0 0 1 0 0 0 0 0 0
fn=exit
147 4 1 1 1 0 0 1 0 0 0 0 0 0
148 4 0 0 0 0 0 1 0 0 0 0 0 0
fl=/usr/src/debug/glibc/glibc/string/../include/rtld-malloc.h
fn=strdup
56 8 0 0 4 0 0 4 0 0 0 0 4 1
fl=/usr/src/debug/glibc/glibc/string/../sysdeps/x86/cacheinfo.c
fn=__x86_cacheinfo
86 3 1 1 1 0 0 0 0 0 0 0 0 0
fl=/usr/src/debug/glibc/glibc/string/../sysdeps/x86/cacheinfo.h
fn=__x86_cacheinfo
62 1 0 0 1 0 0 0 0 0 0 0 0 0
65 3 0 0 1 1 0 0 0 0 1 0 0 0
67 3 0 0 0 0 0 1 1 1 0 0 0 0
68 1 1 1 0 0 0 1 1 1 0 0 0 0
74 3 0 0 1 0 0 0 0 0 1 0 0 0
76 3 0 0 0 0 0 1 0 0 0 0 0 0
77 1 0 0 0 0 0 1 0 0 0 0 0 0
81 2 1 1 1 0 0 1 1 1 0 0 0 0
84 2 0 0 1 0 0 1 0 0 0 0 0 0
86 2 0 0 1 1 0 1 0 0 0 0 0 0
87 2 0 0 1 0 0 1 0 0 0 0 0 0
88 2 0 0 1 0 0 1 0 0 0 0 0 0
90 2 1 1 1 0 0 0 0 0 1 1 0 0
fl=/usr/src/debug/glibc/glibc/string/../sysdeps/x86_64/multiarch/../multiarch/strcspn-sse4.c
fn=strcspn
87 1 1 1 0 0 0 0 0 0 0 0 0 0
88 2 0 0 1 0 0 0 0 0 1 0 0 0
96 4 0 0 0 0 0 0 0 0 1 1 0 0
99 2 1 1 0 0 0 0 0 0 0 0 0 0
104 1 0 0 0 0 0 0 0 0 0 0 0 0
105 2 0 0 0 0 0 0 0 0 1 0 0 0
107 1 0 0 0 0 0 0 0 0 0 0 0 0
109 3 0 0 0 0 0 0 0 0 1 1 0 0
136 2 1 1 0 0 0 0 0 0 0 0 0 0
139 1 0 0 0 0 0 0 0 0 0 0 0 0
144 1 0 0 0 0 0 0 0 0 1 0 0 0
148 4 1 1 0 0 0 0 0 0 1 0 0 0
150 1 0 0 0 0 0 0 0 0 0 0 0 0
160 5 0 0 0 0 0 0 0 0 3 0 0 0
162 6 1 1 0 0 0 0 0 0 3 2 0 0
163 3 0 0 0 0 0 0 0 0 0 0 0 0
166 2 0 0 0 0 0 0 0 0 0 0 0 0
168 1 0 0 1 0 0 0 0 0 0 0 0 0
fl=/usr/src/debug/glibc/glibc/string/../sysdeps/x86_64/multiarch/ifunc-avx2.h
fn=memrchr
45 2 0 0 2 0 0 0 0 0 0 0 0 0
46 4 0 0 0 0 0 0 0 0 1 0 0 0
49 5 0 0 1 0 0 0 0 0 0 0 0 0
fn=rindex
45 2 0 0 2 0 0 0 0 0 0 0 0 0
46 4 0 0 0 0 0 0 0 0 1 0 0 0
49 5 1 1 1 0 0 0 0 0 0 0 0 0
fn=strchrnul
45 2 0 0 2 0 0 0 0 0 0 0 0 0
46 4 0 0 0 0 0 0 0 0 1 0 0 0
49 5 0 0 1 0 0 0 0 0 0 0 0 0
fn=strlen
45 4 0 0 4 0 0 0 0 0 0 0 0 0
46 8 0 0 0 0 0 0 0 0 2 0 0 0
49 10 0 0 2 0 0 0 0 0 0 0 0 0
fn=strnlen
45 4 0 0 4 0 0 0 0 0 0 0 0 0
46 8 0 0 0 0 0 0 0 0 2 0 0 0
49 10 0 0 2 0 0 0 0 0 0 0 0 0
fl=/usr/src/debug/glibc/glibc/string/../sysdeps/x86_64/multiarch/ifunc-evex.h
fn=memchr
42 2 0 0 2 0 0 0 0 0 0 0 0 0
43 4 0 0 0 0 0 0 0 0 1 0 0 0
51 4 0 0 0 0 0 0 0 0 0 0 0 0
fl=/usr/src/debug/glibc/glibc/string/../sysdeps/x86_64/multiarch/ifunc-memcmp.h
fn=bcmp
40 2 0 0 2 0 0 0 0 0 0 0 0 0
41 4 0 0 0 0 0 0 0 0 1 0 0 0
44 5 1 1 1 0 0 0 0 0 0 0 0 0
fl=/usr/src/debug/glibc/glibc/string/../sysdeps/x86_64/multiarch/ifunc-memmove.h
fn=memcpy@@GLIBC_2.14
56 6 0 0 6 0 0 0 0 0 0 0 0 0
57 9 0 0 0 0 0 0 0 0 3 3 0 0
60 9 0 0 3 0 0 0 0 0 0 0 0 0
61 6 2 1 0 0 0 0 0 0 3 3 0 0
77 6 0 0 0 0 0 0 0 0 3 0 0 0
85 6 0 0 0 0 0 0 0 0 3 3 0 0
96 12 4 2 0 0 0 0 0 0 0 0 0 0
fn=memmove
56 6 0 0 6 0 0 0 0 0 0 0 0 0
57 9 0 0 0 0 0 0 0 0 3 3 0 0
60 9 0 0 3 0 0 0 0 0 0 0 0 0
61 6 2 1 0 0 0 0 0 0 3 3 0 0
77 6 0 0 0 0 0 0 0 0 3 2 0 0
85 6 0 0 0 0 0 0 0 0 3 3 0 0
96 12 3 1 0 0 0 0 0 0 0 0 0 0
fn=mempcpy
56 2 0 0 2 0 0 0 0 0 0 0 0 0
57 3 0 0 0 0 0 0 0 0 1 1 0 0
60 3 0 0 1 0 0 0 0 0 0 0 0 0
61 2 1 1 0 0 0 0 0 0 1 1 0 0
77 2 0 0 0 0 0 0 0 0 1 1 0 0
85 2 0 0 0 0 0 0 0 0 1 1 0 0
96 4 2 2 0 0 0 0 0 0 0 0 0 0
fl=/usr/src/debug/glibc/glibc/string/../sysdeps/x86_64/multiarch/ifunc-memset.h
fn=memset
52 3 0 0 0 0 0 0 0 0 0 0 0 0
53 6 0 0 0 0 0 0 0 0 3 3 0 0
61 15 0 0 6 0 0 0 0 0 3 0 0 0
64 9 1 1 3 1 0 0 0 0 0 0 0 0
65 6 1 1 0 0 0 0 0 0 3 2 0 0
67 6 0 0 0 0 0 0 0 0 0 0 0 0
84 6 0 0 0 0 0 0 0 0 3 0 0 0
92 6 0 0 0 0 0 0 0 0 3 3 0 0
fl=/usr/src/debug/glibc/glibc/string/../sysdeps/x86_64/multiarch/ifunc-strcasecmp.h
fn=strcasecmp
41 2 0 0 2 0 0 0 0 0 0 0 0 0
42 4 0 0 0 0 0 0 0 0 1 0 0 0
45 5 1 1 1 0 0 0 0 0 0 0 0 0
fn=strcasecmp_l
41 2 0 0 2 0 0 0 0 0 0 0 0 0
42 4 0 0 0 0 0 0 0 0 1 0 0 0
45 5 1 1 1 0 0 0 0 0 0 0 0 0
fn=strncasecmp
41 2 0 0 2 1 0 0 0 0 0 0 0 0
42 4 0 0 0 0 0 0 0 0 1 0 0 0
45 5 1 1 1 0 0 0 0 0 0 0 0 0
fn=strncasecmp_l
41 2 0 0 2 0 0 0 0 0 0 0 0 0
42 4 0 0 0 0 0 0 0 0 1 0 0 0
45 5 1 1 1 0 0 0 0 0 0 0 0 0
fl=/usr/src/debug/glibc/glibc/string/../sysdeps/x86_64/multiarch/ifunc-strcpy.h
fn=stpcpy
42 2 0 0 2 0 0 0 0 0 0 0 0 0
43 4 0 0 0 0 0 0 0 0 1 0 0 0
46 5 1 1 1 0 0 0 0 0 0 0 0 0
fn=strcat
42 2 0 0 2 0 0 0 0 0 0 0 0 0
43 4 0 0 0 0 0 0 0 0 1 0 0 0
46 5 1 1 1 0 0 0 0 0 0 0 0 0
fn=strcpy
42 2 0 0 2 0 0 0 0 0 0 0 0 0
43 4 0 0 0 0 0 0 0 0 1 0 0 0
46 5 0 0 1 0 0 0 0 0 0 0 0 0
fl=/usr/src/debug/glibc/glibc/string/../sysdeps/x86_64/multiarch/ifunc-strncpy.h
fn=stpncpy
39 2 0 0 2 0 0 0 0 0 0 0 0 0
40 4 0 0 0 0 0 0 0 0 1 0 0 0
43 5 1 1 1 0 0 0 0 0 0 0 0 0
fn=strncpy
39 2 0 0 2 0 0 0 0 0 0 0 0 0
40 4 0 0 0 0 0 0 0 0 1 0 0 0
43 5 1 1 1 0 0 0 0 0 0 0 0 0
fl=/usr/src/debug/glibc/glibc/string/../sysdeps/x86_64/multiarch/memchr.c
fn=memchr
29 2 1 1 1 0 0 0 0 0 0 0 0 0
fl=/usr/src/debug/glibc/glibc/string/../sysdeps/x86_64/multiarch/memcmp.c
fn=bcmp
29 1 1 1 0 0 0 0 0 0 0 0 0 0
fl=/usr/src/debug/glibc/glibc/string/../sysdeps/x86_64/multiarch/memcmpeq.c
fn=memcpy@@GLIBC_2.14
29 3 2 1 0 0 0 0 0 0 0 0 0 0
fl=/usr/src/debug/glibc/glibc/string/../sysdeps/x86_64/multiarch/memcpy.c
fn=memcpy@@GLIBC_2.14
29 3 0 0 3 0 0 0 0 0 0 0 0 0
fl=/usr/src/debug/glibc/glibc/string/../sysdeps/x86_64/multiarch/memmove.c
fn=memmove
29 6 2 1 3 0 0 0 0 0 0 0 0 0
fl=/usr/src/debug/glibc/glibc/string/../sysdeps/x86_64/multiarch/mempcpy.c
fn=mempcpy
33 2 1 1 1 0 0 0 0 0 0 0 0 0
fl=/usr/src/debug/glibc/glibc/string/../sysdeps/x86_64/multiarch/memrchr.c
fn=memrchr
29 1 0 0 0 0 0 0 0 0 0 0 0 0
fn=memset
29 3 2 1 0 0 0 0 0 0 0 0 0 0
fl=/usr/src/debug/glibc/glibc/string/../sysdeps/x86_64/multiarch/memset.c
fn=memset
29 3 0 0 3 0 0 0 0 0 0 0 0 0
fl=/usr/src/debug/glibc/glibc/string/../sysdeps/x86_64/multiarch/stpcpy.c
fn=stpcpy
33 1 1 1 0 0 0 0 0 0 0 0 0 0
fl=/usr/src/debug/glibc/glibc/string/../sysdeps/x86_64/multiarch/stpncpy.c
fn=stpncpy
31 1 0 0 0 0 0 0 0 0 0 0 0 0
fn=strcasecmp
31 1 0 0 0 0 0 0 0 0 0 0 0 0
fl=/usr/src/debug/glibc/glibc/string/../sysdeps/x86_64/multiarch/strcasecmp.c
fn=strcasecmp_l
31 1 0 0 0 0 0 0 0 0 0 0 0 0
fl=/usr/src/debug/glibc/glibc/string/../sysdeps/x86_64/multiarch/strcat.c
fn=strcat
29 1 1 1 0 0 0 0 0 0 0 0 0 0
fl=/usr/src/debug/glibc/glibc/string/../sysdeps/x86_64/multiarch/strchr.c
fn=index
47 2 0 0 2 0 0 0 0 0 0 0 0 0
48 4 0 0 0 0 0 0 0 0 1 0 0 0
51 5 1 1 1 0 0 0 0 0 0 0 0 0
65 1 0 0 0 0 0 0 0 0 0 0 0 0
fl=/usr/src/debug/glibc/glibc/string/../sysdeps/x86_64/multiarch/strchrnul.c
fn=strchrnul
31 1 0 0 0 0 0 0 0 0 0 0 0 0
fl=/usr/src/debug/glibc/glibc/string/../sysdeps/x86_64/multiarch/strcmp.c
fn=strcmp
52 2 0 0 2 0 0 0 0 0 0 0 0 0
53 4 0 0 0 0 0 0 0 0 1 0 0 0
56 5 1 1 1 0 0 0 0 0 0 0 0 0
79 1 1 1 0 0 0 0 0 0 0 0 0 0
fl=/usr/src/debug/glibc/glibc/string/../sysdeps/x86_64/multiarch/strcpy.c
fn=strcpy
29 1 1 1 0 0 0 0 0 0 0 0 0 0
fn=strcspn
29 3 1 1 1 0 0 0 0 0 0 0 0 0
fl=/usr/src/debug/glibc/glibc/string/../sysdeps/x86_64/multiarch/strlen.c
fn=strlen
29 2 1 1 0 0 0 0 0 0 0 0 0 0
fl=/usr/src/debug/glibc/glibc/string/../sysdeps/x86_64/multiarch/strncase.c
fn=strncasecmp
31 1 1 1 0 0 0 0 0 0 0 0 0 0
fn=strncasecmp_l
31 1 0 0 0 0 0 0 0 0 0 0 0 0
fl=/usr/src/debug/glibc/glibc/string/../sysdeps/x86_64/multiarch/strncmp.c
fn=strncmp
48 2 0 0 2 0 0 0 0 0 0 0 0 0
49 4 0 0 0 0 0 0 0 0 1 0 0 0
52 5 1 1 1 0 0 0 0 0 0 0 0 0
67 1 1 1 0 0 0 0 0 0 0 0 0 0
fl=/usr/src/debug/glibc/glibc/string/../sysdeps/x86_64/multiarch/strncpy.c
fn=strncpy
29 1 0 0 0 0 0 0 0 0 0 0 0 0
fl=/usr/src/debug/glibc/glibc/string/../sysdeps/x86_64/multiarch/strnlen.c
fn=strnlen
31 2 1 1 0 0 0 0 0 0 0 0 0 0
fl=/usr/src/debug/glibc/glibc/string/../sysdeps/x86_64/multiarch/strpbrk.c
fn=strpbrk
29 3 1 1 1 0 0 0 0 0 0 0 0 0
fl=/usr/src/debug/glibc/glibc/string/../sysdeps/x86_64/multiarch/strrchr.c
fn=rindex
28 1 0 0 0 0 0 0 0 0 0 0 0 0
fl=/usr/src/debug/glibc/glibc/string/../sysdeps/x86_64/multiarch/strspn.c
fn=strspn
29 3 1 1 1 0 0 0 0 0 0 0 0 0
fl=/usr/src/debug/glibc/glibc/string/strdup.c
fn=strdup
40 20 1 1 0 0 0 8 0 0 0 0 0 0
41 8 1 1 0 0 0 4 0 0 0 0 0 0
44 8 0 0 0 0 0 0 0 0 4 0 0 0
47 16 0 0 0 0 0 0 0 0 0 0 0 0
48 12 0 0 8 0 0 0 0 0 0 0 0 0
fl=/usr/src/debug/glibc/glibc/wcsmbs/../sysdeps/x86_64/multiarch/ifunc-avx2.h
fn=wcschr
45 4 0 0 4 0 0 0 0 0 0 0 0 0
46 8 0 0 0 0 0 0 0 0 2 0 0 0
49 10 0 0 2 0 0 0 0 0 0 0 0 0
fn=wcscmp
45 2 0 0 2 0 0 0 0 0 0 0 0 0
46 4 0 0 0 0 0 0 0 0 1 0 0 0
49 5 1 1 1 0 0 0 0 0 0 0 0 0
fl=/usr/src/debug/glibc/glibc/wcsmbs/../sysdeps/x86_64/multiarch/ifunc-evex.h
fn=wmemchr
42 4 0 0 4 0 0 0 0 0 0 0 0 0
43 8 0 0 0 0 0 0 0 0 2 0 0 0
51 8 0 0 0 0 0 0 0 0 0 0 0 0
fl=/usr/src/debug/glibc/glibc/wcsmbs/../sysdeps/x86_64/multiarch/ifunc-memcmp.h
fn=wmemcmp
40 2 1 1 2 0 0 0 0 0 0 0 0 0
41 4 0 0 0 0 0 0 0 0 1 0 0 0
44 5 0 0 1 0 0 0 0 0 0 0 0 0
fl=/usr/src/debug/glibc/glibc/wcsmbs/../sysdeps/x86_64/multiarch/ifunc-wcs.h
fn=wcpncpy
44 2 0 0 2 0 0 0 0 0 0 0 0 0
45 5 0 0 0 0 0 0 0 0 0 0 0 0
fn=wcscat
44 2 0 0 2 0 0 0 0 0 0 0 0 0
45 5 0 0 0 0 0 0 0 0 0 0 0 0
fn=wcsncpy
44 2 0 0 2 0 0 0 0 0 0 0 0 0
45 5 0 0 0 0 0 0 0 0 0 0 0 0
fl=/usr/src/debug/glibc/glibc/wcsmbs/../sysdeps/x86_64/multiarch/ifunc-wcslen.h
fn=wcslen
45 2 0 0 2 0 0 0 0 0 0 0 0 0
46 4 0 0 0 0 0 0 0 0 1 0 0 0
49 5 1 1 1 0 0 0 0 0 0 0 0 0
fn=wcsnlen
45 2 1 1 2 0 0 0 0 0 0 0 0 0
46 4 0 0 0 0 0 0 0 0 1 0 0 0
49 5 0 0 1 0 0 0 0 0 0 0 0 0
fl=/usr/src/debug/glibc/glibc/wcsmbs/../sysdeps/x86_64/multiarch/ifunc-wmemset.h
fn=wmemset
40 8 0 0 4 0 0 0 0 0 2 0 0 0
48 8 1 1 0 0 0 0 0 0 0 0 0 0
fl=/usr/src/debug/glibc/glibc/wcsmbs/../sysdeps/x86_64/multiarch/wcpncpy.c
fn=wcpncpy
31 2 1 1 1 0 0 0 0 0 0 0 0 0
fl=/usr/src/debug/glibc/glibc/wcsmbs/../sysdeps/x86_64/multiarch/wcscat.c
fn=wcscat
31 2 1 1 1 0 0 0 0 0 0 0 0 0
fl=/usr/src/debug/glibc/glibc/wcsmbs/../sysdeps/x86_64/multiarch/wcschr.c
fn=wcschr
31 2 1 1 0 0 0 0 0 0 0 0 0 0
fl=/usr/src/debug/glibc/glibc/wcsmbs/../sysdeps/x86_64/multiarch/wcscmp.c
fn=wcscmp
30 1 1 1 0 0 0 0 0 0 0 0 0 0
fl=/usr/src/debug/glibc/glibc/wcsmbs/../sysdeps/x86_64/multiarch/wcslen.c
fn=wcslen
29 1 1 1 0 0 0 0 0 0 0 0 0 0
fl=/usr/src/debug/glibc/glibc/wcsmbs/../sysdeps/x86_64/multiarch/wcsncpy.c
fn=wcsncpy
31 2 1 1 1 0 0 0 0 0 0 0 0 0
fl=/usr/src/debug/glibc/glibc/wcsmbs/../sysdeps/x86_64/multiarch/wcsnlen.c
fn=wcsnlen
30 1 0 0 0 0 0 0 0 0 0 0 0 0
fl=/usr/src/debug/glibc/glibc/wcsmbs/../sysdeps/x86_64/multiarch/wmemchr.c
fn=wmemchr
31 4 1 1 2 0 0 0 0 0 0 0 0 0
fl=/usr/src/debug/glibc/glibc/wcsmbs/../sysdeps/x86_64/multiarch/wmemcmp.c
fn=wmemcmp
29 1 1 1 0 0 0 0 0 0 0 0 0 0
fl=/usr/src/debug/glibc/glibc/wcsmbs/../sysdeps/x86_64/multiarch/wmemset.c
fn=wmemset
31 4 1 1 2 0 0 0 0 0 0 0 0 0
fl=???
fn=(below main)
0 12 1 1 2 0 0 3 0 0 0 0 1 1
fn=???
0 179 29 22 65 6 0 20 1 1 15 9 32 11
fn=__$cleanup_runtime
0 6 0 0 2 0 0 3 0 0 0 0 0 0
fn=__$startup_runtime
0 6 0 0 2 0 0 3 0 0 0 0 0 0
fn=__memcpy_avx_unaligned_erms
0 372 3 3 52 3 3 29 0 0 133 19 0 0
fn=__memset_avx2_unaligned_erms
0 156 3 3 4 1 0 72 5 1 24 14 0 0
fn=__sigsetjmp
0 166 6 6 35 1 0 62 1 1 1 1 0 0
fn=__strrchr_avx2
0 39 5 5 4 2 1 0 0 0 6 3 0 0
fn=_dl_runtime_resolve_xsave
0 123 3 3 144 1 0 150 17 2 0 0 3 2
fn=_setjmp
0 3 1 1 0 0 0 0 0 0 0 0 0 0
fn=bcmp
0 22 3 3 5 0 0 0 0 0 4 2 0 0
fn=btree_destroy
0 30 1 1 12 1 0 4 0 0 6 2 0 0
fn=bufio::_writer_proc
0 560 5 5 150 1 1 90 0 0 50 9 10 1
fn=bufio::writer_flush
0 104 5 5 26 0 0 18 0 0 10 2 2 1
fn=fmt::_fmt_float_as
0 52 4 4 7 0 0 17 0 0 7 2 0 0
fn=fmt::_fmt_int
0 168 11 11 36 0 0 48 0 0 18 10 0 0
fn=fmt::_pad
0 114 3 3 36 0 0 30 0 0 6 3 3 1
fn=fmt::fmt_arg
0 510 26 26 85 0 0 50 0 0 84 30 0 0
fn=fmt::fmt_float
0 23 3 3 6 1 1 5 0 0 1 0 1 1
fn=fmt::fmt_int
0 52 4 4 14 1 1 16 0 0 2 0 2 1
fn=fmt::fmt_named
0 92 9 9 20 2 2 14 0 0 16 6 0 0
fn=fmt::fmt_string
0 110 7 7 32 0 0 22 0 0 14 6 2 1
fn=fmt::fmt_value
0 352 8 8 74 12 12 49 0 0 32 10 7 5
fn=fmt::println
0 286 9 9 48 0 0 71 1 0 21 6 5 2
fn=index
0 429 3 3 61 2 2 0 0 0 61 15 0 0
fn=main
0 118 11 11 11 2 2 42 7 3 1 0 0 0
fn=memcpy
0 452 6 4 112 3 1 72 13 13 108 50 0 0
fn=mempcpy
0 76 1 0 0 0 0 0 0 0 0 0 0 0
fn=memset
0 468 4 4 8 0 0 214 104 104 70 33 0 0
fn=mprotect
0 30 1 1 5 0 0 0 0 0 5 0 0 0
fn=munmap
0 6 1 1 1 0 0 0 0 0 1 0 0 0
fn=os::[allocators.odin]::init_thread_local_cleaner
0 7 3 3 2 0 0 2 0 0 1 0 0 0
fn=os::[allocators.odin]::temp_allocator_fini
0 22 5 5 5 0 0 7 0 0 2 1 0 0
fn=os::[file_linux.odin]::_file_stream_proc
0 114 6 6 22 1 1 14 0 0 10 0 2 1
fn=os::[file_linux.odin]::_standard_stream_init
0 26 4 4 1 0 0 25 5 5 0 0 0 0
fn=os::[file_stream.odin]::file_io_stream_proc
0 54 3 3 14 0 0 18 0 0 0 0 2 1
fn=release_registered_frames
0 9 1 1 1 0 0 3 0 0 0 0 0 0
fn=runtime::[default_temporary_allocator.odin]::_destroy_temp_allocator_fini
0 8 2 2 2 0 0 2 0 0 1 1 0 0
fn=stpcpy
0 26 6 6 4 0 0 2 1 1 3 2 0 0
fn=strcmp
0 7046 12 12 1465 74 55 0 0 0 864 168 0 0
fn=strconv::write_bits
0 161 9 9 19 1 1 23 0 0 27 10 0 0
fn=strconv::write_float
0 781 37 37 98 1 1 92 0 0 130 11 0 0
fn=strconv_decimal::assign
0 567 8 8 55 0 0 84 0 0 87 18 0 0
fn=strconv_decimal::shift
0 57 3 3 9 0 0 9 0 0 12 6 0 0
fn=strconv_decimal::shift_right
0 1437 10 10 38 0 0 89 0 0 316 22 0 0
fn=strlen
0 376 3 3 53 4 4 0 0 0 53 11 0 0
fn=strncmp
0 87 5 5 11 1 1 0 0 0 16 10 0 0
summary: 177034 1367 1324 42208 1639 1285 16042 488 418 32068 3617 378 170
